time,investigation,mount,attack,other
0.0,1,0,0,0
0.03,1,0,0,0
0.07,1,0,0,0
0.1,1,0,0,0
0.13,1,0,0,0
0.17,1,0,0,0
0.2,1,0,0,0
0.23,1,0,0,0
0.27,1,0,0,0
0.3,1,0,0,0
0.33,1,0,0,0
0.37,1,0,0,0
0.4,1,0,0,0
0.43,1,0,0,0
0.47,1,0,0,0
0.5,1,0,0,0
0.53,1,0,0,0
0.57,1,0,0,0
0.6,1,0,0,0
0.63,1,0,0,0
0.67,1,0,0,0
0.7,1,0,0,0
0.73,1,0,0,0
0.77,1,0,0,0
0.8,1,0,0,0
0.83,1,0,0,0
0.87,1,0,0,0
0.9,1,0,0,0
0.93,1,0,0,0
0.97,1,0,0,0
1.0,1,0,0,0
1.03,1,0,0,0
1.07,1,0,0,0
1.1,1,0,0,0
1.13,1,0,0,0
1.17,1,0,0,0
1.2,1,0,0,0
1.23,1,0,0,0
1.27,1,0,0,0
1.3,1,0,0,0
1.33,1,0,0,0
1.37,1,0,0,0
1.4,1,0,0,0
1.43,1,0,0,0
1.47,1,0,0,0
1.5,1,0,0,0
1.53,1,0,0,0
1.57,1,0,0,0
1.6,1,0,0,0
1.63,1,0,0,0
1.67,1,0,0,0
1.7,1,0,0,0
1.73,1,0,0,0
1.77,1,0,0,0
1.8,1,0,0,0
1.83,1,0,0,0
1.87,1,0,0,0
1.9,1,0,0,0
1.93,1,0,0,0
1.97,1,0,0,0
2.0,1,0,0,0
2.03,1,0,0,0
2.07,1,0,0,0
2.1,1,0,0,0
2.13,1,0,0,0
2.17,1,0,0,0
2.2,1,0,0,0
2.23,1,0,0,0
2.27,1,0,0,0
2.3,1,0,0,0
2.33,1,0,0,0
2.37,1,0,0,0
2.4,1,0,0,0
2.43,1,0,0,0
2.47,1,0,0,0
2.5,1,0,0,0
2.53,1,0,0,0
2.57,1,0,0,0
2.6,1,0,0,0
2.63,1,0,0,0
2.67,1,0,0,0
2.7,1,0,0,0
2.73,1,0,0,0
2.77,1,0,0,0
2.8,1,0,0,0
2.83,1,0,0,0
2.87,1,0,0,0
2.9,1,0,0,0
2.93,1,0,0,0
2.97,1,0,0,0
3.0,1,0,0,0
3.03,1,0,0,0
3.07,1,0,0,0
3.1,1,0,0,0
3.13,1,0,0,0
3.17,1,0,0,0
3.2,1,0,0,0
3.23,1,0,0,0
3.27,1,0,0,0
3.3,1,0,0,0
3.33,1,0,0,0
3.37,1,0,0,0
3.4,1,0,0,0
3.43,1,0,0,0
3.47,1,0,0,0
3.5,1,0,0,0
3.53,1,0,0,0
3.57,1,0,0,0
3.6,1,0,0,0
3.63,1,0,0,0
3.67,1,0,0,0
3.7,1,0,0,0
3.73,1,0,0,0
3.77,1,0,0,0
3.8,1,0,0,0
3.83,1,0,0,0
3.87,1,0,0,0
3.9,1,0,0,0
3.93,1,0,0,0
3.97,1,0,0,0
4.0,1,0,0,0
4.03,1,0,0,0
4.07,1,0,0,0
4.1,1,0,0,0
4.13,1,0,0,0
4.17,1,0,0,0
4.2,1,0,0,0
4.23,1,0,0,0
4.27,1,0,0,0
4.3,1,0,0,0
4.33,1,0,0,0
4.37,1,0,0,0
4.4,1,0,0,0
4.43,1,0,0,0
4.47,1,0,0,0
4.5,1,0,0,0
4.53,1,0,0,0
4.57,1,0,0,0
4.6,1,0,0,0
4.63,1,0,0,0
4.67,1,0,0,0
4.7,1,0,0,0
4.73,1,0,0,0
4.77,1,0,0,0
4.8,1,0,0,0
4.83,1,0,0,0
4.87,1,0,0,0
4.9,1,0,0,0
4.93,1,0,0,0
4.97,1,0,0,0
5.0,1,0,0,0
5.03,1,0,0,0
5.07,1,0,0,0
5.1,1,0,0,0
5.13,1,0,0,0
5.17,1,0,0,0
5.2,1,0,0,0
5.23,1,0,0,0
5.27,1,0,0,0
5.3,1,0,0,0
5.33,1,0,0,0
5.37,1,0,0,0
5.4,1,0,0,0
5.43,1,0,0,0
5.47,1,0,0,0
5.5,1,0,0,0
5.53,1,0,0,0
5.57,1,0,0,0
5.6,1,0,0,0
5.63,1,0,0,0
5.67,1,0,0,0
5.7,1,0,0,0
5.73,1,0,0,0
5.77,1,0,0,0
5.8,1,0,0,0
5.83,1,0,0,0
5.87,1,0,0,0
5.9,1,0,0,0
5.93,1,0,0,0
5.97,1,0,0,0
6.0,1,0,0,0
6.03,1,0,0,0
6.07,1,0,0,0
6.1,1,0,0,0
6.13,1,0,0,0
6.17,1,0,0,0
6.2,1,0,0,0
6.23,1,0,0,0
6.27,1,0,0,0
6.3,1,0,0,0
6.33,1,0,0,0
6.37,1,0,0,0
6.4,1,0,0,0
6.43,1,0,0,0
6.47,1,0,0,0
6.5,1,0,0,0
6.53,1,0,0,0
6.57,1,0,0,0
6.6,1,0,0,0
6.63,1,0,0,0
6.67,1,0,0,0
6.7,1,0,0,0
6.73,1,0,0,0
6.77,1,0,0,0
6.8,1,0,0,0
6.83,1,0,0,0
6.87,1,0,0,0
6.9,1,0,0,0
6.93,1,0,0,0
6.97,1,0,0,0
7.0,1,0,0,0
7.03,1,0,0,0
7.07,1,0,0,0
7.1,1,0,0,0
7.13,1,0,0,0
7.17,1,0,0,0
7.2,1,0,0,0
7.23,1,0,0,0
7.27,1,0,0,0
7.3,1,0,0,0
7.33,1,0,0,0
7.37,1,0,0,0
7.4,1,0,0,0
7.43,1,0,0,0
7.47,1,0,0,0
7.5,1,0,0,0
7.53,1,0,0,0
7.57,1,0,0,0
7.6,1,0,0,0
7.63,1,0,0,0
7.67,1,0,0,0
7.7,1,0,0,0
7.73,1,0,0,0
7.77,1,0,0,0
7.8,1,0,0,0
7.83,1,0,0,0
7.87,1,0,0,0
7.9,1,0,0,0
7.93,1,0,0,0
7.97,1,0,0,0
8.0,1,0,0,0
8.03,1,0,0,0
8.07,1,0,0,0
8.1,1,0,0,0
8.13,1,0,0,0
8.17,1,0,0,0
8.2,1,0,0,0
8.23,1,0,0,0
8.27,1,0,0,0
8.3,1,0,0,0
8.33,1,0,0,0
8.37,1,0,0,0
8.4,1,0,0,0
8.43,1,0,0,0
8.47,1,0,0,0
8.5,1,0,0,0
8.53,1,0,0,0
8.57,1,0,0,0
8.6,1,0,0,0
8.63,1,0,0,0
8.67,1,0,0,0
8.7,1,0,0,0
8.73,1,0,0,0
8.77,1,0,0,0
8.8,1,0,0,0
8.83,1,0,0,0
8.87,1,0,0,0
8.9,1,0,0,0
8.93,1,0,0,0
8.97,1,0,0,0
9.0,1,0,0,0
9.03,1,0,0,0
9.07,1,0,0,0
9.1,1,0,0,0
9.13,1,0,0,0
9.17,1,0,0,0
9.2,1,0,0,0
9.23,1,0,0,0
9.27,1,0,0,0
9.3,1,0,0,0
9.33,1,0,0,0
9.37,1,0,0,0
9.4,1,0,0,0
9.43,1,0,0,0
9.47,1,0,0,0
9.5,1,0,0,0
9.53,1,0,0,0
9.57,1,0,0,0
9.6,1,0,0,0
9.63,1,0,0,0
9.67,1,0,0,0
9.7,1,0,0,0
9.73,1,0,0,0
9.77,1,0,0,0
9.8,1,0,0,0
9.83,1,0,0,0
9.87,1,0,0,0
9.9,1,0,0,0
9.93,1,0,0,0
9.97,1,0,0,0
10.0,1,0,0,0
10.03,1,0,0,0
10.07,1,0,0,0
10.1,1,0,0,0
10.13,1,0,0,0
10.17,1,0,0,0
10.2,1,0,0,0
10.23,1,0,0,0
10.27,1,0,0,0
10.3,1,0,0,0
10.33,1,0,0,0
10.37,1,0,0,0
10.4,1,0,0,0
10.43,1,0,0,0
10.47,1,0,0,0
10.5,1,0,0,0
10.53,1,0,0,0
10.57,1,0,0,0
10.6,1,0,0,0
10.63,1,0,0,0
10.67,1,0,0,0
10.7,1,0,0,0
10.73,1,0,0,0
10.77,1,0,0,0
10.8,1,0,0,0
10.83,1,0,0,0
10.87,1,0,0,0
10.9,1,0,0,0
10.93,1,0,0,0
10.97,1,0,0,0
11.0,1,0,0,0
11.03,1,0,0,0
11.07,1,0,0,0
11.1,1,0,0,0
11.13,1,0,0,0
11.17,1,0,0,0
11.2,1,0,0,0
11.23,1,0,0,0
11.27,1,0,0,0
11.3,1,0,0,0
11.33,1,0,0,0
11.37,1,0,0,0
11.4,1,0,0,0
11.43,1,0,0,0
11.47,1,0,0,0
11.5,1,0,0,0
11.53,1,0,0,0
11.57,1,0,0,0
11.6,1,0,0,0
11.63,1,0,0,0
11.67,1,0,0,0
11.7,1,0,0,0
11.73,1,0,0,0
11.77,1,0,0,0
11.8,1,0,0,0
11.83,1,0,0,0
11.87,1,0,0,0
11.9,1,0,0,0
11.93,1,0,0,0
11.97,1,0,0,0
12.0,1,0,0,0
12.03,1,0,0,0
12.07,1,0,0,0
12.1,1,0,0,0
12.13,1,0,0,0
12.17,1,0,0,0
12.2,1,0,0,0
12.23,1,0,0,0
12.27,1,0,0,0
12.3,1,0,0,0
12.33,1,0,0,0
12.37,1,0,0,0
12.4,1,0,0,0
12.43,1,0,0,0
12.47,1,0,0,0
12.5,1,0,0,0
12.53,1,0,0,0
12.57,1,0,0,0
12.6,1,0,0,0
12.63,1,0,0,0
12.67,1,0,0,0
12.7,1,0,0,0
12.73,1,0,0,0
12.77,1,0,0,0
12.8,1,0,0,0
12.83,1,0,0,0
12.87,1,0,0,0
12.9,1,0,0,0
12.93,1,0,0,0
12.97,1,0,0,0
13.0,1,0,0,0
13.03,1,0,0,0
13.07,1,0,0,0
13.1,1,0,0,0
13.13,1,0,0,0
13.17,1,0,0,0
13.2,1,0,0,0
13.23,1,0,0,0
13.27,1,0,0,0
13.3,1,0,0,0
13.33,1,0,0,0
13.37,1,0,0,0
13.4,1,0,0,0
13.43,1,0,0,0
13.47,1,0,0,0
13.5,1,0,0,0
13.53,1,0,0,0
13.57,1,0,0,0
13.6,1,0,0,0
13.63,1,0,0,0
13.67,1,0,0,0
13.7,1,0,0,0
13.73,1,0,0,0
13.77,1,0,0,0
13.8,1,0,0,0
13.83,1,0,0,0
13.87,1,0,0,0
13.9,1,0,0,0
13.93,1,0,0,0
13.97,1,0,0,0
14.0,1,0,0,0
14.03,1,0,0,0
14.07,1,0,0,0
14.1,1,0,0,0
14.13,1,0,0,0
14.17,1,0,0,0
14.2,1,0,0,0
14.23,1,0,0,0
14.27,1,0,0,0
14.3,1,0,0,0
14.33,1,0,0,0
14.37,1,0,0,0
14.4,1,0,0,0
14.43,1,0,0,0
14.47,1,0,0,0
14.5,1,0,0,0
14.53,1,0,0,0
14.57,1,0,0,0
14.6,1,0,0,0
14.63,1,0,0,0
14.67,1,0,0,0
14.7,1,0,0,0
14.73,1,0,0,0
14.77,1,0,0,0
14.8,1,0,0,0
14.83,1,0,0,0
14.87,1,0,0,0
14.9,1,0,0,0
14.93,1,0,0,0
14.97,1,0,0,0
15.0,1,0,0,0
15.03,1,0,0,0
15.07,1,0,0,0
15.1,1,0,0,0
15.13,1,0,0,0
15.17,1,0,0,0
15.2,1,0,0,0
15.23,1,0,0,0
15.27,1,0,0,0
15.3,1,0,0,0
15.33,1,0,0,0
15.37,1,0,0,0
15.4,1,0,0,0
15.43,1,0,0,0
15.47,1,0,0,0
15.5,1,0,0,0
15.53,1,0,0,0
15.57,1,0,0,0
15.6,1,0,0,0
15.63,1,0,0,0
15.67,1,0,0,0
15.7,1,0,0,0
15.73,1,0,0,0
15.77,1,0,0,0
15.8,1,0,0,0
15.83,1,0,0,0
15.87,1,0,0,0
15.9,1,0,0,0
15.93,1,0,0,0
15.97,1,0,0,0
16.0,1,0,0,0
16.03,1,0,0,0
16.07,1,0,0,0
16.1,1,0,0,0
16.13,1,0,0,0
16.17,1,0,0,0
16.2,1,0,0,0
16.23,1,0,0,0
16.27,1,0,0,0
16.3,1,0,0,0
16.33,1,0,0,0
16.37,1,0,0,0
16.4,1,0,0,0
16.43,1,0,0,0
16.47,1,0,0,0
16.5,1,0,0,0
16.53,1,0,0,0
16.57,1,0,0,0
16.6,1,0,0,0
16.63,1,0,0,0
16.67,1,0,0,0
16.7,1,0,0,0
16.73,1,0,0,0
16.77,1,0,0,0
16.8,1,0,0,0
16.83,1,0,0,0
16.87,1,0,0,0
16.9,1,0,0,0
16.93,1,0,0,0
16.97,1,0,0,0
17.0,1,0,0,0
17.03,1,0,0,0
17.07,1,0,0,0
17.1,1,0,0,0
17.13,1,0,0,0
17.17,1,0,0,0
17.2,1,0,0,0
17.23,1,0,0,0
17.27,1,0,0,0
17.3,1,0,0,0
17.33,1,0,0,0
17.37,1,0,0,0
17.4,1,0,0,0
17.43,1,0,0,0
17.47,1,0,0,0
17.5,1,0,0,0
17.53,1,0,0,0
17.57,1,0,0,0
17.6,1,0,0,0
17.63,1,0,0,0
17.67,1,0,0,0
17.7,1,0,0,0
17.73,1,0,0,0
17.77,1,0,0,0
17.8,1,0,0,0
17.83,1,0,0,0
17.87,1,0,0,0
17.9,1,0,0,0
17.93,1,0,0,0
17.97,1,0,0,0
18.0,1,0,0,0
18.03,1,0,0,0
18.07,1,0,0,0
18.1,1,0,0,0
18.13,1,0,0,0
18.17,1,0,0,0
18.2,1,0,0,0
18.23,1,0,0,0
18.27,1,0,0,0
18.3,1,0,0,0
18.33,1,0,0,0
18.37,1,0,0,0
18.4,1,0,0,0
18.43,1,0,0,0
18.47,1,0,0,0
18.5,1,0,0,0
18.53,1,0,0,0
18.57,1,0,0,0
18.6,1,0,0,0
18.63,1,0,0,0
18.67,1,0,0,0
18.7,1,0,0,0
18.73,1,0,0,0
18.77,1,0,0,0
18.8,1,0,0,0
18.83,1,0,0,0
18.87,1,0,0,0
18.9,1,0,0,0
18.93,1,0,0,0
18.97,1,0,0,0
19.0,1,0,0,0
19.03,1,0,0,0
19.07,1,0,0,0
19.1,1,0,0,0
19.13,1,0,0,0
19.17,1,0,0,0
19.2,1,0,0,0
19.23,1,0,0,0
19.27,1,0,0,0
19.3,1,0,0,0
19.33,1,0,0,0
19.37,1,0,0,0
19.4,1,0,0,0
19.43,1,0,0,0
19.47,1,0,0,0
19.5,1,0,0,0
19.53,1,0,0,0
19.57,1,0,0,0
19.6,1,0,0,0
19.63,1,0,0,0
19.67,1,0,0,0
19.7,1,0,0,0
19.73,1,0,0,0
19.77,1,0,0,0
19.8,1,0,0,0
19.83,1,0,0,0
19.87,1,0,0,0
19.9,1,0,0,0
19.93,1,0,0,0
19.97,1,0,0,0
20.0,1,0,0,0
20.03,1,0,0,0
20.07,1,0,0,0
20.1,1,0,0,0
20.13,1,0,0,0
20.17,1,0,0,0
20.2,1,0,0,0
20.23,1,0,0,0
20.27,1,0,0,0
20.3,1,0,0,0
20.33,1,0,0,0
20.37,1,0,0,0
20.4,1,0,0,0
20.43,1,0,0,0
20.47,1,0,0,0
20.5,1,0,0,0
20.53,1,0,0,0
20.57,1,0,0,0
20.6,1,0,0,0
20.63,1,0,0,0
20.67,1,0,0,0
20.7,1,0,0,0
20.73,1,0,0,0
20.77,1,0,0,0
20.8,1,0,0,0
20.83,1,0,0,0
20.87,1,0,0,0
20.9,1,0,0,0
20.93,1,0,0,0
20.97,1,0,0,0
21.0,1,0,0,0
21.03,1,0,0,0
21.07,1,0,0,0
21.1,1,0,0,0
21.13,1,0,0,0
21.17,1,0,0,0
21.2,1,0,0,0
21.23,1,0,0,0
21.27,1,0,0,0
21.3,1,0,0,0
21.33,1,0,0,0
21.37,1,0,0,0
21.4,1,0,0,0
21.43,1,0,0,0
21.47,1,0,0,0
21.5,1,0,0,0
21.53,1,0,0,0
21.57,1,0,0,0
21.6,1,0,0,0
21.63,1,0,0,0
21.67,1,0,0,0
21.7,1,0,0,0
21.73,1,0,0,0
21.77,1,0,0,0
21.8,1,0,0,0
21.83,1,0,0,0
21.87,1,0,0,0
21.9,1,0,0,0
21.93,1,0,0,0
21.97,1,0,0,0
22.0,1,0,0,0
22.03,1,0,0,0
22.07,1,0,0,0
22.1,1,0,0,0
22.13,1,0,0,0
22.17,1,0,0,0
22.2,1,0,0,0
22.23,1,0,0,0
22.27,1,0,0,0
22.3,1,0,0,0
22.33,1,0,0,0
22.37,1,0,0,0
22.4,1,0,0,0
22.43,1,0,0,0
22.47,1,0,0,0
22.5,1,0,0,0
22.53,1,0,0,0
22.57,1,0,0,0
22.6,1,0,0,0
22.63,1,0,0,0
22.67,1,0,0,0
22.7,1,0,0,0
22.73,1,0,0,0
22.77,1,0,0,0
22.8,1,0,0,0
22.83,1,0,0,0
22.87,1,0,0,0
22.9,1,0,0,0
22.93,1,0,0,0
22.97,1,0,0,0
23.0,1,0,0,0
23.03,1,0,0,0
23.07,1,0,0,0
23.1,1,0,0,0
23.13,1,0,0,0
23.17,1,0,0,0
23.2,1,0,0,0
23.23,1,0,0,0
23.27,1,0,0,0
23.3,1,0,0,0
23.33,1,0,0,0
23.37,1,0,0,0
23.4,1,0,0,0
23.43,1,0,0,0
23.47,1,0,0,0
23.5,1,0,0,0
23.53,1,0,0,0
23.57,1,0,0,0
23.6,1,0,0,0
23.63,1,0,0,0
23.67,1,0,0,0
23.7,1,0,0,0
23.73,1,0,0,0
23.77,1,0,0,0
23.8,1,0,0,0
23.83,1,0,0,0
23.87,1,0,0,0
23.9,1,0,0,0
23.93,1,0,0,0
23.97,1,0,0,0
24.0,1,0,0,0
24.03,1,0,0,0
24.07,1,0,0,0
24.1,1,0,0,0
24.13,1,0,0,0
24.17,1,0,0,0
24.2,1,0,0,0
24.23,1,0,0,0
24.27,1,0,0,0
24.3,1,0,0,0
24.33,1,0,0,0
24.37,1,0,0,0
24.4,1,0,0,0
24.43,1,0,0,0
24.47,1,0,0,0
24.5,1,0,0,0
24.53,1,0,0,0
24.57,1,0,0,0
24.6,1,0,0,0
24.63,1,0,0,0
24.67,1,0,0,0
24.7,1,0,0,0
24.73,1,0,0,0
24.77,1,0,0,0
24.8,1,0,0,0
24.83,1,0,0,0
24.87,1,0,0,0
24.9,1,0,0,0
24.93,1,0,0,0
24.97,1,0,0,0
25.0,1,0,0,0
25.03,1,0,0,0
25.07,1,0,0,0
25.1,1,0,0,0
25.13,1,0,0,0
25.17,1,0,0,0
25.2,1,0,0,0
25.23,1,0,0,0
25.27,1,0,0,0
25.3,1,0,0,0
25.33,1,0,0,0
25.37,1,0,0,0
25.4,1,0,0,0
25.43,1,0,0,0
25.47,1,0,0,0
25.5,1,0,0,0
25.53,1,0,0,0
25.57,1,0,0,0
25.6,1,0,0,0
25.63,1,0,0,0
25.67,1,0,0,0
25.7,1,0,0,0
25.73,1,0,0,0
25.77,1,0,0,0
25.8,1,0,0,0
25.83,1,0,0,0
25.87,1,0,0,0
25.9,1,0,0,0
25.93,1,0,0,0
25.97,1,0,0,0
26.0,1,0,0,0
26.03,1,0,0,0
26.07,1,0,0,0
26.1,1,0,0,0
26.13,1,0,0,0
26.17,1,0,0,0
26.2,1,0,0,0
26.23,1,0,0,0
26.27,1,0,0,0
26.3,1,0,0,0
26.33,1,0,0,0
26.37,1,0,0,0
26.4,1,0,0,0
26.43,1,0,0,0
26.47,1,0,0,0
26.5,1,0,0,0
26.53,1,0,0,0
26.57,1,0,0,0
26.6,1,0,0,0
26.63,1,0,0,0
26.67,1,0,0,0
26.7,1,0,0,0
26.73,1,0,0,0
26.77,1,0,0,0
26.8,1,0,0,0
26.83,1,0,0,0
26.87,1,0,0,0
26.9,1,0,0,0
26.93,1,0,0,0
26.97,1,0,0,0
27.0,1,0,0,0
27.03,1,0,0,0
27.07,1,0,0,0
27.1,1,0,0,0
27.13,1,0,0,0
27.17,1,0,0,0
27.2,1,0,0,0
27.23,1,0,0,0
27.27,1,0,0,0
27.3,1,0,0,0
27.33,1,0,0,0
27.37,1,0,0,0
27.4,1,0,0,0
27.43,1,0,0,0
27.47,1,0,0,0
27.5,1,0,0,0
27.53,1,0,0,0
27.57,1,0,0,0
27.6,1,0,0,0
27.63,1,0,0,0
27.67,1,0,0,0
27.7,1,0,0,0
27.73,1,0,0,0
27.77,1,0,0,0
27.8,1,0,0,0
27.83,1,0,0,0
27.87,1,0,0,0
27.9,1,0,0,0
27.93,1,0,0,0
27.97,1,0,0,0
28.0,1,0,0,0
28.03,1,0,0,0
28.07,1,0,0,0
28.1,1,0,0,0
28.13,1,0,0,0
28.17,1,0,0,0
28.2,1,0,0,0
28.23,1,0,0,0
28.27,1,0,0,0
28.3,1,0,0,0
28.33,1,0,0,0
28.37,1,0,0,0
28.4,1,0,0,0
28.43,1,0,0,0
28.47,1,0,0,0
28.5,1,0,0,0
28.53,1,0,0,0
28.57,1,0,0,0
28.6,1,0,0,0
28.63,1,0,0,0
28.67,1,0,0,0
28.7,1,0,0,0
28.73,1,0,0,0
28.77,1,0,0,0
28.8,1,0,0,0
28.83,1,0,0,0
28.87,1,0,0,0
28.9,1,0,0,0
28.93,1,0,0,0
28.97,1,0,0,0
29.0,1,0,0,0
29.03,1,0,0,0
29.07,1,0,0,0
29.1,1,0,0,0
29.13,1,0,0,0
29.17,1,0,0,0
29.2,1,0,0,0
29.23,1,0,0,0
29.27,1,0,0,0
29.3,1,0,0,0
29.33,1,0,0,0
29.37,1,0,0,0
29.4,1,0,0,0
29.43,1,0,0,0
29.47,1,0,0,0
29.5,1,0,0,0
29.53,1,0,0,0
29.57,1,0,0,0
29.6,1,0,0,0
29.63,1,0,0,0
29.67,1,0,0,0
29.7,1,0,0,0
29.73,1,0,0,0
29.77,1,0,0,0
29.8,1,0,0,0
29.83,1,0,0,0
29.87,1,0,0,0
29.9,1,0,0,0
29.93,1,0,0,0
29.97,1,0,0,0
30.0,1,0,0,0
30.03,1,0,0,0
30.07,1,0,0,0
30.1,1,0,0,0
30.13,1,0,0,0
30.17,1,0,0,0
30.2,1,0,0,0
30.23,1,0,0,0
30.27,1,0,0,0
30.3,1,0,0,0
30.33,1,0,0,0
30.37,1,0,0,0
30.4,1,0,0,0
30.43,1,0,0,0
30.47,1,0,0,0
30.5,1,0,0,0
30.53,1,0,0,0
30.57,1,0,0,0
30.6,1,0,0,0
30.63,1,0,0,0
30.67,1,0,0,0
30.7,1,0,0,0
30.73,1,0,0,0
30.77,1,0,0,0
30.8,1,0,0,0
30.83,1,0,0,0
30.87,1,0,0,0
30.9,1,0,0,0
30.93,1,0,0,0
30.97,1,0,0,0
31.0,1,0,0,0
31.03,1,0,0,0
31.07,1,0,0,0
31.1,1,0,0,0
31.13,1,0,0,0
31.17,1,0,0,0
31.2,1,0,0,0
31.23,1,0,0,0
31.27,1,0,0,0
31.3,1,0,0,0
31.33,1,0,0,0
31.37,1,0,0,0
31.4,1,0,0,0
31.43,1,0,0,0
31.47,1,0,0,0
31.5,1,0,0,0
31.53,1,0,0,0
31.57,1,0,0,0
31.6,1,0,0,0
31.63,1,0,0,0
31.67,1,0,0,0
31.7,1,0,0,0
31.73,1,0,0,0
31.77,1,0,0,0
31.8,1,0,0,0
31.83,1,0,0,0
31.87,1,0,0,0
31.9,1,0,0,0
31.93,1,0,0,0
31.97,1,0,0,0
32.0,1,0,0,0
32.03,1,0,0,0
32.07,1,0,0,0
32.1,1,0,0,0
32.13,1,0,0,0
32.17,1,0,0,0
32.2,1,0,0,0
32.23,1,0,0,0
32.27,1,0,0,0
32.3,1,0,0,0
32.33,1,0,0,0
32.37,1,0,0,0
32.4,1,0,0,0
32.43,1,0,0,0
32.47,1,0,0,0
32.5,1,0,0,0
32.53,1,0,0,0
32.57,1,0,0,0
32.6,1,0,0,0
32.63,1,0,0,0
32.67,1,0,0,0
32.7,1,0,0,0
32.73,1,0,0,0
32.77,1,0,0,0
32.8,1,0,0,0
32.83,1,0,0,0
32.87,1,0,0,0
32.9,1,0,0,0
32.93,1,0,0,0
32.97,1,0,0,0
33.0,1,0,0,0
33.03,1,0,0,0
33.07,1,0,0,0
33.1,1,0,0,0
33.13,1,0,0,0
33.17,1,0,0,0
33.2,1,0,0,0
33.23,1,0,0,0
33.27,1,0,0,0
33.3,1,0,0,0
33.33,1,0,0,0
33.37,1,0,0,0
33.4,1,0,0,0
33.43,1,0,0,0
33.47,1,0,0,0
33.5,1,0,0,0
33.53,1,0,0,0
33.57,1,0,0,0
33.6,1,0,0,0
33.63,1,0,0,0
33.67,1,0,0,0
33.7,1,0,0,0
33.73,1,0,0,0
33.77,1,0,0,0
33.8,1,0,0,0
33.83,1,0,0,0
33.87,1,0,0,0
33.9,1,0,0,0
33.93,1,0,0,0
33.97,1,0,0,0
34.0,1,0,0,0
34.03,1,0,0,0
34.07,1,0,0,0
34.1,1,0,0,0
34.13,1,0,0,0
34.17,1,0,0,0
34.2,1,0,0,0
34.23,1,0,0,0
34.27,1,0,0,0
34.3,1,0,0,0
34.33,1,0,0,0
34.37,1,0,0,0
34.4,1,0,0,0
34.43,1,0,0,0
34.47,1,0,0,0
34.5,1,0,0,0
34.53,1,0,0,0
34.57,1,0,0,0
34.6,1,0,0,0
34.63,1,0,0,0
34.67,1,0,0,0
34.7,1,0,0,0
34.73,1,0,0,0
34.77,1,0,0,0
34.8,1,0,0,0
34.83,1,0,0,0
34.87,1,0,0,0
34.9,1,0,0,0
34.93,1,0,0,0
34.97,1,0,0,0
35.0,1,0,0,0
35.03,1,0,0,0
35.07,1,0,0,0
35.1,1,0,0,0
35.13,1,0,0,0
35.17,1,0,0,0
35.2,1,0,0,0
35.23,1,0,0,0
35.27,1,0,0,0
35.3,1,0,0,0
35.33,1,0,0,0
35.37,1,0,0,0
35.4,1,0,0,0
35.43,1,0,0,0
35.47,1,0,0,0
35.5,1,0,0,0
35.53,1,0,0,0
35.57,1,0,0,0
35.6,1,0,0,0
35.63,1,0,0,0
35.67,1,0,0,0
35.7,1,0,0,0
35.73,1,0,0,0
35.77,1,0,0,0
35.8,1,0,0,0
35.83,1,0,0,0
35.87,1,0,0,0
35.9,1,0,0,0
35.93,1,0,0,0
35.97,1,0,0,0
36.0,1,0,0,0
36.03,1,0,0,0
36.07,1,0,0,0
36.1,1,0,0,0
36.13,1,0,0,0
36.17,1,0,0,0
36.2,1,0,0,0
36.23,1,0,0,0
36.27,1,0,0,0
36.3,1,0,0,0
36.33,1,0,0,0
36.37,1,0,0,0
36.4,1,0,0,0
36.43,1,0,0,0
36.47,1,0,0,0
36.5,1,0,0,0
36.53,1,0,0,0
36.57,1,0,0,0
36.6,1,0,0,0
36.63,1,0,0,0
36.67,1,0,0,0
36.7,1,0,0,0
36.73,1,0,0,0
36.77,1,0,0,0
36.8,1,0,0,0
36.83,1,0,0,0
36.87,1,0,0,0
36.9,1,0,0,0
36.93,1,0,0,0
36.97,1,0,0,0
37.0,1,0,0,0
37.03,1,0,0,0
37.07,1,0,0,0
37.1,1,0,0,0
37.13,1,0,0,0
37.17,1,0,0,0
37.2,1,0,0,0
37.23,1,0,0,0
37.27,1,0,0,0
37.3,1,0,0,0
37.33,1,0,0,0
37.37,1,0,0,0
37.4,1,0,0,0
37.43,1,0,0,0
37.47,1,0,0,0
37.5,1,0,0,0
37.53,1,0,0,0
37.57,1,0,0,0
37.6,1,0,0,0
37.63,1,0,0,0
37.67,1,0,0,0
37.7,1,0,0,0
37.73,1,0,0,0
37.77,1,0,0,0
37.8,1,0,0,0
37.83,1,0,0,0
37.87,1,0,0,0
37.9,1,0,0,0
37.93,1,0,0,0
37.97,1,0,0,0
38.0,1,0,0,0
38.03,1,0,0,0
38.07,1,0,0,0
38.1,1,0,0,0
38.13,1,0,0,0
38.17,1,0,0,0
38.2,1,0,0,0
38.23,1,0,0,0
38.27,1,0,0,0
38.3,1,0,0,0
38.33,1,0,0,0
38.37,1,0,0,0
38.4,1,0,0,0
38.43,1,0,0,0
38.47,1,0,0,0
38.5,1,0,0,0
38.53,1,0,0,0
38.57,1,0,0,0
38.6,1,0,0,0
38.63,1,0,0,0
38.67,1,0,0,0
38.7,1,0,0,0
38.73,1,0,0,0
38.77,1,0,0,0
38.8,1,0,0,0
38.83,1,0,0,0
38.87,1,0,0,0
38.9,1,0,0,0
38.93,1,0,0,0
38.97,1,0,0,0
39.0,1,0,0,0
39.03,1,0,0,0
39.07,1,0,0,0
39.1,1,0,0,0
39.13,1,0,0,0
39.17,1,0,0,0
39.2,1,0,0,0
39.23,1,0,0,0
39.27,1,0,0,0
39.3,1,0,0,0
39.33,1,0,0,0
39.37,1,0,0,0
39.4,1,0,0,0
39.43,1,0,0,0
39.47,1,0,0,0
39.5,1,0,0,0
39.53,1,0,0,0
39.57,1,0,0,0
39.6,1,0,0,0
39.63,1,0,0,0
39.67,1,0,0,0
39.7,1,0,0,0
39.73,1,0,0,0
39.77,1,0,0,0
39.8,1,0,0,0
39.83,1,0,0,0
39.87,1,0,0,0
39.9,1,0,0,0
39.93,1,0,0,0
39.97,1,0,0,0
40.0,1,0,0,0
40.03,1,0,0,0
40.07,1,0,0,0
40.1,1,0,0,0
40.13,1,0,0,0
40.17,1,0,0,0
40.2,1,0,0,0
40.23,1,0,0,0
40.27,1,0,0,0
40.3,1,0,0,0
40.33,1,0,0,0
40.37,1,0,0,0
40.4,1,0,0,0
40.43,1,0,0,0
40.47,1,0,0,0
40.5,1,0,0,0
40.53,1,0,0,0
40.57,1,0,0,0
40.6,1,0,0,0
40.63,1,0,0,0
40.67,1,0,0,0
40.7,1,0,0,0
40.73,1,0,0,0
40.77,1,0,0,0
40.8,1,0,0,0
40.83,1,0,0,0
40.87,1,0,0,0
40.9,1,0,0,0
40.93,1,0,0,0
40.97,1,0,0,0
41.0,1,0,0,0
41.03,1,0,0,0
41.07,1,0,0,0
41.1,1,0,0,0
41.13,1,0,0,0
41.17,1,0,0,0
41.2,1,0,0,0
41.23,1,0,0,0
41.27,1,0,0,0
41.3,1,0,0,0
41.33,1,0,0,0
41.37,1,0,0,0
41.4,1,0,0,0
41.43,1,0,0,0
41.47,1,0,0,0
41.5,1,0,0,0
41.53,1,0,0,0
41.57,1,0,0,0
41.6,1,0,0,0
41.63,1,0,0,0
41.67,1,0,0,0
41.7,1,0,0,0
41.73,1,0,0,0
41.77,1,0,0,0
41.8,1,0,0,0
41.83,1,0,0,0
41.87,1,0,0,0
41.9,1,0,0,0
41.93,1,0,0,0
41.97,1,0,0,0
42.0,1,0,0,0
42.03,1,0,0,0
42.07,1,0,0,0
42.1,1,0,0,0
42.13,1,0,0,0
42.17,1,0,0,0
42.2,1,0,0,0
42.23,1,0,0,0
42.27,1,0,0,0
42.3,1,0,0,0
42.33,1,0,0,0
42.37,1,0,0,0
42.4,1,0,0,0
42.43,1,0,0,0
42.47,1,0,0,0
42.5,1,0,0,0
42.53,1,0,0,0
42.57,1,0,0,0
42.6,1,0,0,0
42.63,1,0,0,0
42.67,1,0,0,0
42.7,1,0,0,0
42.73,1,0,0,0
42.77,1,0,0,0
42.8,1,0,0,0
42.83,1,0,0,0
42.87,1,0,0,0
42.9,1,0,0,0
42.93,1,0,0,0
42.97,1,0,0,0
43.0,1,0,0,0
43.03,1,0,0,0
43.07,1,0,0,0
43.1,1,0,0,0
43.13,1,0,0,0
43.17,1,0,0,0
43.2,1,0,0,0
43.23,1,0,0,0
43.27,1,0,0,0
43.3,1,0,0,0
43.33,1,0,0,0
43.37,1,0,0,0
43.4,1,0,0,0
43.43,1,0,0,0
43.47,1,0,0,0
43.5,1,0,0,0
43.53,1,0,0,0
43.57,1,0,0,0
43.6,1,0,0,0
43.63,1,0,0,0
43.67,1,0,0,0
43.7,1,0,0,0
43.73,1,0,0,0
43.77,1,0,0,0
43.8,1,0,0,0
43.83,1,0,0,0
43.87,1,0,0,0
43.9,1,0,0,0
43.93,1,0,0,0
43.97,1,0,0,0
44.0,1,0,0,0
44.03,1,0,0,0
44.07,1,0,0,0
44.1,1,0,0,0
44.13,1,0,0,0
44.17,1,0,0,0
44.2,1,0,0,0
44.23,1,0,0,0
44.27,1,0,0,0
44.3,1,0,0,0
44.33,1,0,0,0
44.37,1,0,0,0
44.4,1,0,0,0
44.43,1,0,0,0
44.47,1,0,0,0
44.5,1,0,0,0
44.53,1,0,0,0
44.57,1,0,0,0
44.6,1,0,0,0
44.63,1,0,0,0
44.67,1,0,0,0
44.7,1,0,0,0
44.73,1,0,0,0
44.77,1,0,0,0
44.8,1,0,0,0
44.83,1,0,0,0
44.87,1,0,0,0
44.9,1,0,0,0
44.93,1,0,0,0
44.97,1,0,0,0
45.0,1,0,0,0
45.03,1,0,0,0
45.07,1,0,0,0
45.1,1,0,0,0
45.13,1,0,0,0
45.17,1,0,0,0
45.2,1,0,0,0
45.23,1,0,0,0
45.27,1,0,0,0
45.3,1,0,0,0
45.33,1,0,0,0
45.37,1,0,0,0
45.4,1,0,0,0
45.43,1,0,0,0
45.47,1,0,0,0
45.5,1,0,0,0
45.53,1,0,0,0
45.57,1,0,0,0
45.6,1,0,0,0
45.63,1,0,0,0
45.67,1,0,0,0
45.7,1,0,0,0
45.73,1,0,0,0
45.77,1,0,0,0
45.8,1,0,0,0
45.83,1,0,0,0
45.87,1,0,0,0
45.9,1,0,0,0
45.93,1,0,0,0
45.97,1,0,0,0
46.0,1,0,0,0
46.03,1,0,0,0
46.07,1,0,0,0
46.1,1,0,0,0
46.13,1,0,0,0
46.17,1,0,0,0
46.2,1,0,0,0
46.23,1,0,0,0
46.27,1,0,0,0
46.3,1,0,0,0
46.33,1,0,0,0
46.37,1,0,0,0
46.4,1,0,0,0
46.43,1,0,0,0
46.47,1,0,0,0
46.5,1,0,0,0
46.53,1,0,0,0
46.57,1,0,0,0
46.6,1,0,0,0
46.63,1,0,0,0
46.67,1,0,0,0
46.7,1,0,0,0
46.73,1,0,0,0
46.77,1,0,0,0
46.8,1,0,0,0
46.83,1,0,0,0
46.87,1,0,0,0
46.9,1,0,0,0
46.93,1,0,0,0
46.97,1,0,0,0
47.0,1,0,0,0
47.03,1,0,0,0
47.07,1,0,0,0
47.1,1,0,0,0
47.13,1,0,0,0
47.17,1,0,0,0
47.2,1,0,0,0
47.23,1,0,0,0
47.27,1,0,0,0
47.3,1,0,0,0
47.33,1,0,0,0
47.37,1,0,0,0
47.4,1,0,0,0
47.43,1,0,0,0
47.47,1,0,0,0
47.5,1,0,0,0
47.53,1,0,0,0
47.57,1,0,0,0
47.6,1,0,0,0
47.63,1,0,0,0
47.67,1,0,0,0
47.7,1,0,0,0
47.73,1,0,0,0
47.77,1,0,0,0
47.8,1,0,0,0
47.83,1,0,0,0
47.87,1,0,0,0
47.9,1,0,0,0
47.93,1,0,0,0
47.97,1,0,0,0
48.0,1,0,0,0
48.03,1,0,0,0
48.07,1,0,0,0
48.1,1,0,0,0
48.13,1,0,0,0
48.17,1,0,0,0
48.2,1,0,0,0
48.23,1,0,0,0
48.27,1,0,0,0
48.3,1,0,0,0
48.33,1,0,0,0
48.37,1,0,0,0
48.4,1,0,0,0
48.43,1,0,0,0
48.47,1,0,0,0
48.5,1,0,0,0
48.53,1,0,0,0
48.57,1,0,0,0
48.6,1,0,0,0
48.63,1,0,0,0
48.67,1,0,0,0
48.7,1,0,0,0
48.73,1,0,0,0
48.77,1,0,0,0
48.8,1,0,0,0
48.83,1,0,0,0
48.87,1,0,0,0
48.9,1,0,0,0
48.93,1,0,0,0
48.97,1,0,0,0
49.0,1,0,0,0
49.03,1,0,0,0
49.07,1,0,0,0
49.1,1,0,0,0
49.13,1,0,0,0
49.17,1,0,0,0
49.2,1,0,0,0
49.23,1,0,0,0
49.27,1,0,0,0
49.3,1,0,0,0
49.33,1,0,0,0
49.37,1,0,0,0
49.4,1,0,0,0
49.43,1,0,0,0
49.47,1,0,0,0
49.5,1,0,0,0
49.53,1,0,0,0
49.57,1,0,0,0
49.6,1,0,0,0
49.63,1,0,0,0
49.67,1,0,0,0
49.7,1,0,0,0
49.73,1,0,0,0
49.77,1,0,0,0
49.8,1,0,0,0
49.83,1,0,0,0
49.87,1,0,0,0
49.9,1,0,0,0
49.93,1,0,0,0
49.97,1,0,0,0
50.0,1,0,0,0
50.03,1,0,0,0
50.07,1,0,0,0
50.1,1,0,0,0
50.13,1,0,0,0
50.17,1,0,0,0
50.2,1,0,0,0
50.23,1,0,0,0
50.27,1,0,0,0
50.3,1,0,0,0
50.33,1,0,0,0
50.37,1,0,0,0
50.4,1,0,0,0
50.43,1,0,0,0
50.47,1,0,0,0
50.5,1,0,0,0
50.53,1,0,0,0
50.57,1,0,0,0
50.6,1,0,0,0
50.63,1,0,0,0
50.67,1,0,0,0
50.7,1,0,0,0
50.73,1,0,0,0
50.77,1,0,0,0
50.8,1,0,0,0
50.83,1,0,0,0
50.87,1,0,0,0
50.9,1,0,0,0
50.93,1,0,0,0
50.97,1,0,0,0
51.0,1,0,0,0
51.03,1,0,0,0
51.07,1,0,0,0
51.1,1,0,0,0
51.13,1,0,0,0
51.17,1,0,0,0
51.2,1,0,0,0
51.23,1,0,0,0
51.27,1,0,0,0
51.3,1,0,0,0
51.33,1,0,0,0
51.37,1,0,0,0
51.4,1,0,0,0
51.43,1,0,0,0
51.47,1,0,0,0
51.5,1,0,0,0
51.53,1,0,0,0
51.57,1,0,0,0
51.6,1,0,0,0
51.63,1,0,0,0
51.67,1,0,0,0
51.7,1,0,0,0
51.73,1,0,0,0
51.77,1,0,0,0
51.8,1,0,0,0
51.83,1,0,0,0
51.87,1,0,0,0
51.9,1,0,0,0
51.93,1,0,0,0
51.97,1,0,0,0
52.0,1,0,0,0
52.03,1,0,0,0
52.07,1,0,0,0
52.1,1,0,0,0
52.13,1,0,0,0
52.17,1,0,0,0
52.2,1,0,0,0
52.23,1,0,0,0
52.27,1,0,0,0
52.3,1,0,0,0
52.33,1,0,0,0
52.37,1,0,0,0
52.4,1,0,0,0
52.43,1,0,0,0
52.47,1,0,0,0
52.5,1,0,0,0
52.53,1,0,0,0
52.57,1,0,0,0
52.6,1,0,0,0
52.63,1,0,0,0
52.67,1,0,0,0
52.7,1,0,0,0
52.73,1,0,0,0
52.77,1,0,0,0
52.8,1,0,0,0
52.83,1,0,0,0
52.87,1,0,0,0
52.9,1,0,0,0
52.93,1,0,0,0
52.97,1,0,0,0
53.0,1,0,0,0
53.03,1,0,0,0
53.07,1,0,0,0
53.1,1,0,0,0
53.13,1,0,0,0
53.17,1,0,0,0
53.2,1,0,0,0
53.23,1,0,0,0
53.27,1,0,0,0
53.3,1,0,0,0
53.33,1,0,0,0
53.37,1,0,0,0
53.4,1,0,0,0
53.43,1,0,0,0
53.47,1,0,0,0
53.5,1,0,0,0
53.53,1,0,0,0
53.57,1,0,0,0
53.6,1,0,0,0
53.63,1,0,0,0
53.67,1,0,0,0
53.7,1,0,0,0
53.73,1,0,0,0
53.77,1,0,0,0
53.8,1,0,0,0
53.83,1,0,0,0
53.87,1,0,0,0
53.9,1,0,0,0
53.93,1,0,0,0
53.97,1,0,0,0
54.0,1,0,0,0
54.03,1,0,0,0
54.07,1,0,0,0
54.1,1,0,0,0
54.13,1,0,0,0
54.17,1,0,0,0
54.2,1,0,0,0
54.23,1,0,0,0
54.27,1,0,0,0
54.3,1,0,0,0
54.33,1,0,0,0
54.37,1,0,0,0
54.4,1,0,0,0
54.43,1,0,0,0
54.47,1,0,0,0
54.5,1,0,0,0
54.53,1,0,0,0
54.57,1,0,0,0
54.6,1,0,0,0
54.63,1,0,0,0
54.67,1,0,0,0
54.7,1,0,0,0
54.73,1,0,0,0
54.77,1,0,0,0
54.8,1,0,0,0
54.83,1,0,0,0
54.87,1,0,0,0
54.9,1,0,0,0
54.93,1,0,0,0
54.97,1,0,0,0
55.0,1,0,0,0
55.03,1,0,0,0
55.07,1,0,0,0
55.1,1,0,0,0
55.13,1,0,0,0
55.17,1,0,0,0
55.2,1,0,0,0
55.23,1,0,0,0
55.27,1,0,0,0
55.3,1,0,0,0
55.33,1,0,0,0
55.37,1,0,0,0
55.4,1,0,0,0
55.43,1,0,0,0
55.47,1,0,0,0
55.5,1,0,0,0
55.53,1,0,0,0
55.57,1,0,0,0
55.6,1,0,0,0
55.63,1,0,0,0
55.67,1,0,0,0
55.7,1,0,0,0
55.73,1,0,0,0
55.77,1,0,0,0
55.8,1,0,0,0
55.83,1,0,0,0
55.87,1,0,0,0
55.9,1,0,0,0
55.93,1,0,0,0
55.97,1,0,0,0
56.0,1,0,0,0
56.03,1,0,0,0
56.07,1,0,0,0
56.1,1,0,0,0
56.13,1,0,0,0
56.17,1,0,0,0
56.2,1,0,0,0
56.23,1,0,0,0
56.27,1,0,0,0
56.3,1,0,0,0
56.33,1,0,0,0
56.37,1,0,0,0
56.4,1,0,0,0
56.43,1,0,0,0
56.47,1,0,0,0
56.5,1,0,0,0
56.53,1,0,0,0
56.57,1,0,0,0
56.6,1,0,0,0
56.63,1,0,0,0
56.67,1,0,0,0
56.7,1,0,0,0
56.73,1,0,0,0
56.77,1,0,0,0
56.8,1,0,0,0
56.83,1,0,0,0
56.87,1,0,0,0
56.9,1,0,0,0
56.93,1,0,0,0
56.97,1,0,0,0
57.0,1,0,0,0
57.03,1,0,0,0
57.07,1,0,0,0
57.1,1,0,0,0
57.13,1,0,0,0
57.17,1,0,0,0
57.2,1,0,0,0
57.23,1,0,0,0
57.27,1,0,0,0
57.3,1,0,0,0
57.33,1,0,0,0
57.37,1,0,0,0
57.4,1,0,0,0
57.43,1,0,0,0
57.47,1,0,0,0
57.5,1,0,0,0
57.53,1,0,0,0
57.57,1,0,0,0
57.6,1,0,0,0
57.63,1,0,0,0
57.67,1,0,0,0
57.7,1,0,0,0
57.73,1,0,0,0
57.77,1,0,0,0
57.8,1,0,0,0
57.83,1,0,0,0
57.87,1,0,0,0
57.9,1,0,0,0
57.93,1,0,0,0
57.97,1,0,0,0
58.0,1,0,0,0
58.03,1,0,0,0
58.07,1,0,0,0
58.1,1,0,0,0
58.13,1,0,0,0
58.17,1,0,0,0
58.2,1,0,0,0
58.23,1,0,0,0
58.27,1,0,0,0
58.3,1,0,0,0
58.33,1,0,0,0
58.37,1,0,0,0
58.4,1,0,0,0
58.43,1,0,0,0
58.47,1,0,0,0
58.5,1,0,0,0
58.53,1,0,0,0
58.57,1,0,0,0
58.6,1,0,0,0
58.63,1,0,0,0
58.67,1,0,0,0
58.7,1,0,0,0
58.73,1,0,0,0
58.77,1,0,0,0
58.8,1,0,0,0
58.83,1,0,0,0
58.87,1,0,0,0
58.9,1,0,0,0
58.93,1,0,0,0
58.97,1,0,0,0
59.0,1,0,0,0
59.03,1,0,0,0
59.07,1,0,0,0
59.1,1,0,0,0
59.13,1,0,0,0
59.17,1,0,0,0
59.2,1,0,0,0
59.23,1,0,0,0
59.27,1,0,0,0
59.3,1,0,0,0
59.33,1,0,0,0
59.37,1,0,0,0
59.4,1,0,0,0
59.43,1,0,0,0
59.47,1,0,0,0
59.5,1,0,0,0
59.53,1,0,0,0
59.57,1,0,0,0
59.6,1,0,0,0
59.63,1,0,0,0
59.67,1,0,0,0
59.7,1,0,0,0
59.73,1,0,0,0
59.77,1,0,0,0
59.8,1,0,0,0
59.83,1,0,0,0
59.87,1,0,0,0
59.9,1,0,0,0
59.93,1,0,0,0
59.97,1,0,0,0
60.0,1,0,0,0
60.03,1,0,0,0
60.07,1,0,0,0
60.1,1,0,0,0
60.13,1,0,0,0
60.17,1,0,0,0
60.2,1,0,0,0
60.23,1,0,0,0
60.27,1,0,0,0
60.3,1,0,0,0
60.33,1,0,0,0
60.37,1,0,0,0
60.4,1,0,0,0
60.43,1,0,0,0
60.47,1,0,0,0
60.5,1,0,0,0
60.53,1,0,0,0
60.57,1,0,0,0
60.6,1,0,0,0
60.63,1,0,0,0
60.67,1,0,0,0
60.7,1,0,0,0
60.73,1,0,0,0
60.77,1,0,0,0
60.8,1,0,0,0
60.83,1,0,0,0
60.87,1,0,0,0
60.9,1,0,0,0
60.93,1,0,0,0
60.97,1,0,0,0
61.0,1,0,0,0
61.03,1,0,0,0
61.07,1,0,0,0
61.1,1,0,0,0
61.13,1,0,0,0
61.17,1,0,0,0
61.2,1,0,0,0
61.23,1,0,0,0
61.27,1,0,0,0
61.3,1,0,0,0
61.33,1,0,0,0
61.37,1,0,0,0
61.4,1,0,0,0
61.43,1,0,0,0
61.47,1,0,0,0
61.5,1,0,0,0
61.53,1,0,0,0
61.57,1,0,0,0
61.6,1,0,0,0
61.63,1,0,0,0
61.67,1,0,0,0
61.7,1,0,0,0
61.73,1,0,0,0
61.77,1,0,0,0
61.8,1,0,0,0
61.83,1,0,0,0
61.87,1,0,0,0
61.9,1,0,0,0
61.93,1,0,0,0
61.97,1,0,0,0
62.0,1,0,0,0
62.03,1,0,0,0
62.07,1,0,0,0
62.1,1,0,0,0
62.13,1,0,0,0
62.17,1,0,0,0
62.2,1,0,0,0
62.23,1,0,0,0
62.27,1,0,0,0
62.3,1,0,0,0
62.33,1,0,0,0
62.37,1,0,0,0
62.4,1,0,0,0
62.43,1,0,0,0
62.47,1,0,0,0
62.5,1,0,0,0
62.53,1,0,0,0
62.57,1,0,0,0
62.6,1,0,0,0
62.63,1,0,0,0
62.67,1,0,0,0
62.7,1,0,0,0
62.73,1,0,0,0
62.77,1,0,0,0
62.8,1,0,0,0
62.83,1,0,0,0
62.87,1,0,0,0
62.9,1,0,0,0
62.93,1,0,0,0
62.97,1,0,0,0
63.0,1,0,0,0
63.03,1,0,0,0
63.07,1,0,0,0
63.1,1,0,0,0
63.13,1,0,0,0
63.17,1,0,0,0
63.2,1,0,0,0
63.23,1,0,0,0
63.27,1,0,0,0
63.3,1,0,0,0
63.33,1,0,0,0
63.37,1,0,0,0
63.4,1,0,0,0
63.43,1,0,0,0
63.47,1,0,0,0
63.5,1,0,0,0
63.53,1,0,0,0
63.57,1,0,0,0
63.6,1,0,0,0
63.63,1,0,0,0
63.67,1,0,0,0
63.7,1,0,0,0
63.73,1,0,0,0
63.77,1,0,0,0
63.8,1,0,0,0
63.83,1,0,0,0
63.87,1,0,0,0
63.9,1,0,0,0
63.93,1,0,0,0
63.97,1,0,0,0
64.0,1,0,0,0
64.03,1,0,0,0
64.07,1,0,0,0
64.1,1,0,0,0
64.13,1,0,0,0
64.17,1,0,0,0
64.2,1,0,0,0
64.23,1,0,0,0
64.27,1,0,0,0
64.3,1,0,0,0
64.33,1,0,0,0
64.37,1,0,0,0
64.4,1,0,0,0
64.43,1,0,0,0
64.47,1,0,0,0
64.5,1,0,0,0
64.53,1,0,0,0
64.57,1,0,0,0
64.6,1,0,0,0
64.63,1,0,0,0
64.67,1,0,0,0
64.7,1,0,0,0
64.73,1,0,0,0
64.77,1,0,0,0
64.8,1,0,0,0
64.83,1,0,0,0
64.87,1,0,0,0
64.9,1,0,0,0
64.93,1,0,0,0
64.97,1,0,0,0
65.0,1,0,0,0
65.03,1,0,0,0
65.07,1,0,0,0
65.1,1,0,0,0
65.13,1,0,0,0
65.17,1,0,0,0
65.2,1,0,0,0
65.23,1,0,0,0
65.27,1,0,0,0
65.3,1,0,0,0
65.33,1,0,0,0
65.37,1,0,0,0
65.4,1,0,0,0
65.43,1,0,0,0
65.47,1,0,0,0
65.5,1,0,0,0
65.53,1,0,0,0
65.57,1,0,0,0
65.6,1,0,0,0
65.63,1,0,0,0
65.67,1,0,0,0
65.7,1,0,0,0
65.73,1,0,0,0
65.77,1,0,0,0
65.8,1,0,0,0
65.83,1,0,0,0
65.87,1,0,0,0
65.9,1,0,0,0
65.93,1,0,0,0
65.97,1,0,0,0
66.0,1,0,0,0
66.03,1,0,0,0
66.07,1,0,0,0
66.1,1,0,0,0
66.13,1,0,0,0
66.17,1,0,0,0
66.2,1,0,0,0
66.23,1,0,0,0
66.27,1,0,0,0
66.3,1,0,0,0
66.33,1,0,0,0
66.37,1,0,0,0
66.4,1,0,0,0
66.43,1,0,0,0
66.47,1,0,0,0
66.5,1,0,0,0
66.53,1,0,0,0
66.57,1,0,0,0
66.6,1,0,0,0
66.63,1,0,0,0
66.67,1,0,0,0
66.7,1,0,0,0
66.73,1,0,0,0
66.77,1,0,0,0
66.8,1,0,0,0
66.83,1,0,0,0
66.87,1,0,0,0
66.9,1,0,0,0
66.93,1,0,0,0
66.97,1,0,0,0
67.0,1,0,0,0
67.03,1,0,0,0
67.07,1,0,0,0
67.1,1,0,0,0
67.13,1,0,0,0
67.17,1,0,0,0
67.2,1,0,0,0
67.23,1,0,0,0
67.27,1,0,0,0
67.3,1,0,0,0
67.33,1,0,0,0
67.37,1,0,0,0
67.4,1,0,0,0
67.43,1,0,0,0
67.47,1,0,0,0
67.5,1,0,0,0
67.53,1,0,0,0
67.57,1,0,0,0
67.6,1,0,0,0
67.63,1,0,0,0
67.67,1,0,0,0
67.7,1,0,0,0
67.73,1,0,0,0
67.77,1,0,0,0
67.8,1,0,0,0
67.83,1,0,0,0
67.87,1,0,0,0
67.9,1,0,0,0
67.93,1,0,0,0
67.97,1,0,0,0
68.0,1,0,0,0
68.03,1,0,0,0
68.07,1,0,0,0
68.1,1,0,0,0
68.13,1,0,0,0
68.17,1,0,0,0
68.2,1,0,0,0
68.23,1,0,0,0
68.27,1,0,0,0
68.3,1,0,0,0
68.33,1,0,0,0
68.37,1,0,0,0
68.4,1,0,0,0
68.43,1,0,0,0
68.47,1,0,0,0
68.5,1,0,0,0
68.53,1,0,0,0
68.57,1,0,0,0
68.6,1,0,0,0
68.63,1,0,0,0
68.67,1,0,0,0
68.7,1,0,0,0
68.73,1,0,0,0
68.77,1,0,0,0
68.8,1,0,0,0
68.83,1,0,0,0
68.87,1,0,0,0
68.9,1,0,0,0
68.93,1,0,0,0
68.97,1,0,0,0
69.0,1,0,0,0
69.03,1,0,0,0
69.07,1,0,0,0
69.1,1,0,0,0
69.13,1,0,0,0
69.17,1,0,0,0
69.2,1,0,0,0
69.23,1,0,0,0
69.27,1,0,0,0
69.3,1,0,0,0
69.33,1,0,0,0
69.37,1,0,0,0
69.4,1,0,0,0
69.43,1,0,0,0
69.47,1,0,0,0
69.5,1,0,0,0
69.53,1,0,0,0
69.57,1,0,0,0
69.6,1,0,0,0
69.63,1,0,0,0
69.67,1,0,0,0
69.7,1,0,0,0
69.73,1,0,0,0
69.77,1,0,0,0
69.8,1,0,0,0
69.83,1,0,0,0
69.87,1,0,0,0
69.9,1,0,0,0
69.93,1,0,0,0
69.97,1,0,0,0
70.0,1,0,0,0
70.03,1,0,0,0
70.07,1,0,0,0
70.1,1,0,0,0
70.13,1,0,0,0
70.17,1,0,0,0
70.2,1,0,0,0
70.23,1,0,0,0
70.27,1,0,0,0
70.3,1,0,0,0
70.33,1,0,0,0
70.37,1,0,0,0
70.4,1,0,0,0
70.43,1,0,0,0
70.47,1,0,0,0
70.5,1,0,0,0
70.53,1,0,0,0
70.57,1,0,0,0
70.6,1,0,0,0
70.63,1,0,0,0
70.67,1,0,0,0
70.7,1,0,0,0
70.73,1,0,0,0
70.77,1,0,0,0
70.8,1,0,0,0
70.83,1,0,0,0
70.87,1,0,0,0
70.9,1,0,0,0
70.93,1,0,0,0
70.97,1,0,0,0
71.0,1,0,0,0
71.03,1,0,0,0
71.07,1,0,0,0
71.1,1,0,0,0
71.13,1,0,0,0
71.17,1,0,0,0
71.2,1,0,0,0
71.23,1,0,0,0
71.27,1,0,0,0
71.3,1,0,0,0
71.33,1,0,0,0
71.37,1,0,0,0
71.4,1,0,0,0
71.43,1,0,0,0
71.47,1,0,0,0
71.5,1,0,0,0
71.53,1,0,0,0
71.57,1,0,0,0
71.6,1,0,0,0
71.63,1,0,0,0
71.67,1,0,0,0
71.7,1,0,0,0
71.73,1,0,0,0
71.77,1,0,0,0
71.8,1,0,0,0
71.83,1,0,0,0
71.87,1,0,0,0
71.9,1,0,0,0
71.93,1,0,0,0
71.97,1,0,0,0
72.0,1,0,0,0
72.03,1,0,0,0
72.07,1,0,0,0
72.1,1,0,0,0
72.13,1,0,0,0
72.17,1,0,0,0
72.2,1,0,0,0
72.23,1,0,0,0
72.27,1,0,0,0
72.3,1,0,0,0
72.33,1,0,0,0
72.37,1,0,0,0
72.4,1,0,0,0
72.43,1,0,0,0
72.47,1,0,0,0
72.5,1,0,0,0
72.53,1,0,0,0
72.57,1,0,0,0
72.6,1,0,0,0
72.63,1,0,0,0
72.67,1,0,0,0
72.7,1,0,0,0
72.73,1,0,0,0
72.77,1,0,0,0
72.8,1,0,0,0
72.83,1,0,0,0
72.87,1,0,0,0
72.9,1,0,0,0
72.93,1,0,0,0
72.97,1,0,0,0
73.0,1,0,0,0
73.03,1,0,0,0
73.07,1,0,0,0
73.1,1,0,0,0
73.13,1,0,0,0
73.17,1,0,0,0
73.2,1,0,0,0
73.23,1,0,0,0
73.27,1,0,0,0
73.3,1,0,0,0
73.33,1,0,0,0
73.37,1,0,0,0
73.4,1,0,0,0
73.43,1,0,0,0
73.47,1,0,0,0
73.5,1,0,0,0
73.53,1,0,0,0
73.57,1,0,0,0
73.6,1,0,0,0
73.63,1,0,0,0
73.67,1,0,0,0
73.7,1,0,0,0
73.73,1,0,0,0
73.77,1,0,0,0
73.8,1,0,0,0
73.83,1,0,0,0
73.87,1,0,0,0
73.9,1,0,0,0
73.93,1,0,0,0
73.97,1,0,0,0
74.0,1,0,0,0
74.03,1,0,0,0
74.07,1,0,0,0
74.1,1,0,0,0
74.13,1,0,0,0
74.17,1,0,0,0
74.2,1,0,0,0
74.23,1,0,0,0
74.27,1,0,0,0
74.3,1,0,0,0
74.33,1,0,0,0
74.37,1,0,0,0
74.4,1,0,0,0
74.43,1,0,0,0
74.47,1,0,0,0
74.5,1,0,0,0
74.53,1,0,0,0
74.57,1,0,0,0
74.6,1,0,0,0
74.63,1,0,0,0
74.67,1,0,0,0
74.7,1,0,0,0
74.73,1,0,0,0
74.77,1,0,0,0
74.8,1,0,0,0
74.83,1,0,0,0
74.87,1,0,0,0
74.9,1,0,0,0
74.93,1,0,0,0
74.97,1,0,0,0
75.0,1,0,0,0
75.03,1,0,0,0
75.07,1,0,0,0
75.1,1,0,0,0
75.13,1,0,0,0
75.17,1,0,0,0
75.2,1,0,0,0
75.23,1,0,0,0
75.27,1,0,0,0
75.3,1,0,0,0
75.33,1,0,0,0
75.37,1,0,0,0
75.4,1,0,0,0
75.43,1,0,0,0
75.47,1,0,0,0
75.5,1,0,0,0
75.53,1,0,0,0
75.57,1,0,0,0
75.6,0,1,0,0
75.63,0,1,0,0
75.67,0,1,0,0
75.7,0,1,0,0
75.73,0,1,0,0
75.77,0,1,0,0
75.8,0,1,0,0
75.83,0,1,0,0
75.87,0,1,0,0
75.9,0,1,0,0
75.93,0,1,0,0
75.97,0,1,0,0
76.0,1,0,0,0
76.03,1,0,0,0
76.07,1,0,0,0
76.1,1,0,0,0
76.13,1,0,0,0
76.17,1,0,0,0
76.2,1,0,0,0
76.23,1,0,0,0
76.27,1,0,0,0
76.3,1,0,0,0
76.33,1,0,0,0
76.37,1,0,0,0
76.4,1,0,0,0
76.43,1,0,0,0
76.47,1,0,0,0
76.5,1,0,0,0
76.53,1,0,0,0
76.57,1,0,0,0
76.6,1,0,0,0
76.63,1,0,0,0
76.67,1,0,0,0
76.7,1,0,0,0
76.73,1,0,0,0
76.77,1,0,0,0
76.8,1,0,0,0
76.83,1,0,0,0
76.87,1,0,0,0
76.9,1,0,0,0
76.93,1,0,0,0
76.97,1,0,0,0
77.0,1,0,0,0
77.03,1,0,0,0
77.07,1,0,0,0
77.1,1,0,0,0
77.13,1,0,0,0
77.17,1,0,0,0
77.2,1,0,0,0
77.23,1,0,0,0
77.27,1,0,0,0
77.3,1,0,0,0
77.33,1,0,0,0
77.37,1,0,0,0
77.4,1,0,0,0
77.43,1,0,0,0
77.47,1,0,0,0
77.5,1,0,0,0
77.53,1,0,0,0
77.57,1,0,0,0
77.6,1,0,0,0
77.63,1,0,0,0
77.67,1,0,0,0
77.7,1,0,0,0
77.73,1,0,0,0
77.77,1,0,0,0
77.8,1,0,0,0
77.83,1,0,0,0
77.87,1,0,0,0
77.9,1,0,0,0
77.93,1,0,0,0
77.97,1,0,0,0
78.0,1,0,0,0
78.03,1,0,0,0
78.07,1,0,0,0
78.1,1,0,0,0
78.13,1,0,0,0
78.17,1,0,0,0
78.2,1,0,0,0
78.23,1,0,0,0
78.27,1,0,0,0
78.3,1,0,0,0
78.33,1,0,0,0
78.37,1,0,0,0
78.4,1,0,0,0
78.43,1,0,0,0
78.47,1,0,0,0
78.5,1,0,0,0
78.53,1,0,0,0
78.57,1,0,0,0
78.6,1,0,0,0
78.63,1,0,0,0
78.67,1,0,0,0
78.7,1,0,0,0
78.73,1,0,0,0
78.77,1,0,0,0
78.8,1,0,0,0
78.83,1,0,0,0
78.87,1,0,0,0
78.9,1,0,0,0
78.93,1,0,0,0
78.97,1,0,0,0
79.0,1,0,0,0
79.03,1,0,0,0
79.07,1,0,0,0
79.1,1,0,0,0
79.13,1,0,0,0
79.17,1,0,0,0
79.2,1,0,0,0
79.23,1,0,0,0
79.27,1,0,0,0
79.3,1,0,0,0
79.33,1,0,0,0
79.37,1,0,0,0
79.4,1,0,0,0
79.43,1,0,0,0
79.47,1,0,0,0
79.5,1,0,0,0
79.53,1,0,0,0
79.57,1,0,0,0
79.6,1,0,0,0
79.63,1,0,0,0
79.67,1,0,0,0
79.7,1,0,0,0
79.73,1,0,0,0
79.77,1,0,0,0
79.8,1,0,0,0
79.83,1,0,0,0
79.87,1,0,0,0
79.9,1,0,0,0
79.93,1,0,0,0
79.97,1,0,0,0
80.0,1,0,0,0
80.03,1,0,0,0
80.07,1,0,0,0
80.1,1,0,0,0
80.13,1,0,0,0
80.17,1,0,0,0
80.2,1,0,0,0
80.23,1,0,0,0
80.27,1,0,0,0
80.3,1,0,0,0
80.33,1,0,0,0
80.37,1,0,0,0
80.4,1,0,0,0
80.43,1,0,0,0
80.47,1,0,0,0
80.5,1,0,0,0
80.53,1,0,0,0
80.57,1,0,0,0
80.6,1,0,0,0
80.63,1,0,0,0
80.67,1,0,0,0
80.7,1,0,0,0
80.73,1,0,0,0
80.77,1,0,0,0
80.8,1,0,0,0
80.83,1,0,0,0
80.87,1,0,0,0
80.9,1,0,0,0
80.93,1,0,0,0
80.97,1,0,0,0
81.0,1,0,0,0
81.03,1,0,0,0
81.07,1,0,0,0
81.1,1,0,0,0
81.13,1,0,0,0
81.17,1,0,0,0
81.2,1,0,0,0
81.23,1,0,0,0
81.27,1,0,0,0
81.3,1,0,0,0
81.33,1,0,0,0
81.37,1,0,0,0
81.4,1,0,0,0
81.43,1,0,0,0
81.47,1,0,0,0
81.5,1,0,0,0
81.53,1,0,0,0
81.57,1,0,0,0
81.6,1,0,0,0
81.63,1,0,0,0
81.67,1,0,0,0
81.7,1,0,0,0
81.73,1,0,0,0
81.77,1,0,0,0
81.8,1,0,0,0
81.83,1,0,0,0
81.87,1,0,0,0
81.9,1,0,0,0
81.93,1,0,0,0
81.97,1,0,0,0
82.0,1,0,0,0
82.03,1,0,0,0
82.07,1,0,0,0
82.1,1,0,0,0
82.13,1,0,0,0
82.17,1,0,0,0
82.2,1,0,0,0
82.23,1,0,0,0
82.27,1,0,0,0
82.3,1,0,0,0
82.33,1,0,0,0
82.37,1,0,0,0
82.4,1,0,0,0
82.43,1,0,0,0
82.47,1,0,0,0
82.5,1,0,0,0
82.53,1,0,0,0
82.57,1,0,0,0
82.6,1,0,0,0
82.63,1,0,0,0
82.67,1,0,0,0
82.7,1,0,0,0
82.73,1,0,0,0
82.77,1,0,0,0
82.8,1,0,0,0
82.83,1,0,0,0
82.87,1,0,0,0
82.9,1,0,0,0
82.93,1,0,0,0
82.97,1,0,0,0
83.0,1,0,0,0
83.03,1,0,0,0
83.07,1,0,0,0
83.1,1,0,0,0
83.13,1,0,0,0
83.17,1,0,0,0
83.2,1,0,0,0
83.23,1,0,0,0
83.27,1,0,0,0
83.3,1,0,0,0
83.33,1,0,0,0
83.37,1,0,0,0
83.4,1,0,0,0
83.43,1,0,0,0
83.47,1,0,0,0
83.5,1,0,0,0
83.53,1,0,0,0
83.57,1,0,0,0
83.6,1,0,0,0
83.63,1,0,0,0
83.67,1,0,0,0
83.7,1,0,0,0
83.73,1,0,0,0
83.77,1,0,0,0
83.8,1,0,0,0
83.83,1,0,0,0
83.87,1,0,0,0
83.9,1,0,0,0
83.93,1,0,0,0
83.97,1,0,0,0
84.0,1,0,0,0
84.03,1,0,0,0
84.07,1,0,0,0
84.1,1,0,0,0
84.13,1,0,0,0
84.17,1,0,0,0
84.2,1,0,0,0
84.23,1,0,0,0
84.27,1,0,0,0
84.3,1,0,0,0
84.33,1,0,0,0
84.37,1,0,0,0
84.4,1,0,0,0
84.43,1,0,0,0
84.47,1,0,0,0
84.5,1,0,0,0
84.53,1,0,0,0
84.57,1,0,0,0
84.6,1,0,0,0
84.63,1,0,0,0
84.67,1,0,0,0
84.7,1,0,0,0
84.73,1,0,0,0
84.77,1,0,0,0
84.8,1,0,0,0
84.83,1,0,0,0
84.87,1,0,0,0
84.9,1,0,0,0
84.93,1,0,0,0
84.97,1,0,0,0
85.0,1,0,0,0
85.03,1,0,0,0
85.07,1,0,0,0
85.1,1,0,0,0
85.13,1,0,0,0
85.17,1,0,0,0
85.2,1,0,0,0
85.23,1,0,0,0
85.27,1,0,0,0
85.3,1,0,0,0
85.33,1,0,0,0
85.37,1,0,0,0
85.4,1,0,0,0
85.43,1,0,0,0
85.47,1,0,0,0
85.5,1,0,0,0
85.53,1,0,0,0
85.57,1,0,0,0
85.6,1,0,0,0
85.63,1,0,0,0
85.67,1,0,0,0
85.7,1,0,0,0
85.73,1,0,0,0
85.77,1,0,0,0
85.8,1,0,0,0
85.83,1,0,0,0
85.87,1,0,0,0
85.9,1,0,0,0
85.93,1,0,0,0
85.97,1,0,0,0
86.0,1,0,0,0
86.03,1,0,0,0
86.07,1,0,0,0
86.1,1,0,0,0
86.13,1,0,0,0
86.17,1,0,0,0
86.2,1,0,0,0
86.23,1,0,0,0
86.27,1,0,0,0
86.3,1,0,0,0
86.33,1,0,0,0
86.37,1,0,0,0
86.4,1,0,0,0
86.43,1,0,0,0
86.47,1,0,0,0
86.5,1,0,0,0
86.53,1,0,0,0
86.57,1,0,0,0
86.6,1,0,0,0
86.63,1,0,0,0
86.67,1,0,0,0
86.7,1,0,0,0
86.73,1,0,0,0
86.77,1,0,0,0
86.8,1,0,0,0
86.83,1,0,0,0
86.87,1,0,0,0
86.9,1,0,0,0
86.93,1,0,0,0
86.97,1,0,0,0
87.0,1,0,0,0
87.03,1,0,0,0
87.07,1,0,0,0
87.1,1,0,0,0
87.13,1,0,0,0
87.17,1,0,0,0
87.2,1,0,0,0
87.23,1,0,0,0
87.27,1,0,0,0
87.3,1,0,0,0
87.33,1,0,0,0
87.37,1,0,0,0
87.4,1,0,0,0
87.43,1,0,0,0
87.47,1,0,0,0
87.5,1,0,0,0
87.53,1,0,0,0
87.57,1,0,0,0
87.6,1,0,0,0
87.63,1,0,0,0
87.67,1,0,0,0
87.7,1,0,0,0
87.73,1,0,0,0
87.77,1,0,0,0
87.8,1,0,0,0
87.83,1,0,0,0
87.87,1,0,0,0
87.9,1,0,0,0
87.93,1,0,0,0
87.97,1,0,0,0
88.0,1,0,0,0
88.03,1,0,0,0
88.07,1,0,0,0
88.1,1,0,0,0
88.13,1,0,0,0
88.17,1,0,0,0
88.2,1,0,0,0
88.23,1,0,0,0
88.27,1,0,0,0
88.3,1,0,0,0
88.33,1,0,0,0
88.37,1,0,0,0
88.4,1,0,0,0
88.43,1,0,0,0
88.47,1,0,0,0
88.5,1,0,0,0
88.53,1,0,0,0
88.57,1,0,0,0
88.6,1,0,0,0
88.63,1,0,0,0
88.67,1,0,0,0
88.7,1,0,0,0
88.73,1,0,0,0
88.77,1,0,0,0
88.8,1,0,0,0
88.83,1,0,0,0
88.87,1,0,0,0
88.9,1,0,0,0
88.93,1,0,0,0
88.97,1,0,0,0
89.0,1,0,0,0
89.03,1,0,0,0
89.07,1,0,0,0
89.1,1,0,0,0
89.13,1,0,0,0
89.17,1,0,0,0
89.2,1,0,0,0
89.23,1,0,0,0
89.27,1,0,0,0
89.3,1,0,0,0
89.33,1,0,0,0
89.37,1,0,0,0
89.4,1,0,0,0
89.43,1,0,0,0
89.47,1,0,0,0
89.5,1,0,0,0
89.53,1,0,0,0
89.57,1,0,0,0
89.6,0,1,0,0
89.63,0,1,0,0
89.67,0,1,0,0
89.7,0,1,0,0
89.73,0,1,0,0
89.77,0,1,0,0
89.8,0,1,0,0
89.83,0,1,0,0
89.87,0,1,0,0
89.9,0,1,0,0
89.93,0,1,0,0
89.97,0,1,0,0
90.0,0,1,0,0
90.03,0,1,0,0
90.07,0,1,0,0
90.1,0,1,0,0
90.13,0,1,0,0
90.17,0,1,0,0
90.2,0,1,0,0
90.23,0,1,0,0
90.27,0,1,0,0
90.3,0,1,0,0
90.33,0,1,0,0
90.37,0,1,0,0
90.4,0,1,0,0
90.43,0,1,0,0
90.47,0,1,0,0
90.5,0,1,0,0
90.53,0,1,0,0
90.57,0,1,0,0
90.6,0,1,0,0
90.63,0,1,0,0
90.67,0,1,0,0
90.7,0,1,0,0
90.73,0,1,0,0
90.77,0,1,0,0
90.8,0,1,0,0
90.83,0,1,0,0
90.87,0,1,0,0
90.9,0,1,0,0
90.93,0,1,0,0
90.97,0,1,0,0
91.0,0,1,0,0
91.03,0,1,0,0
91.07,0,1,0,0
91.1,0,1,0,0
91.13,0,1,0,0
91.17,0,1,0,0
91.2,0,1,0,0
91.23,0,1,0,0
91.27,0,1,0,0
91.3,0,1,0,0
91.33,0,1,0,0
91.37,0,1,0,0
91.4,0,1,0,0
91.43,0,1,0,0
91.47,0,1,0,0
91.5,0,1,0,0
91.53,0,1,0,0
91.57,0,1,0,0
91.6,0,1,0,0
91.63,0,1,0,0
91.67,0,1,0,0
91.7,0,1,0,0
91.73,0,1,0,0
91.77,0,1,0,0
91.8,0,1,0,0
91.83,0,1,0,0
91.87,0,1,0,0
91.9,0,1,0,0
91.93,0,1,0,0
91.97,0,1,0,0
92.0,0,1,0,0
92.03,0,1,0,0
92.07,0,1,0,0
92.1,0,1,0,0
92.13,0,1,0,0
92.17,0,1,0,0
92.2,0,1,0,0
92.23,0,1,0,0
92.27,0,1,0,0
92.3,0,1,0,0
92.33,0,1,0,0
92.37,0,1,0,0
92.4,1,0,0,0
92.43,1,0,0,0
92.47,1,0,0,0
92.5,1,0,0,0
92.53,1,0,0,0
92.57,1,0,0,0
92.6,1,0,0,0
92.63,1,0,0,0
92.67,1,0,0,0
92.7,1,0,0,0
92.73,1,0,0,0
92.77,1,0,0,0
92.8,1,0,0,0
92.83,1,0,0,0
92.87,1,0,0,0
92.9,1,0,0,0
92.93,1,0,0,0
92.97,1,0,0,0
93.0,1,0,0,0
93.03,1,0,0,0
93.07,1,0,0,0
93.1,1,0,0,0
93.13,1,0,0,0
93.17,1,0,0,0
93.2,1,0,0,0
93.23,1,0,0,0
93.27,1,0,0,0
93.3,1,0,0,0
93.33,1,0,0,0
93.37,1,0,0,0
93.4,1,0,0,0
93.43,1,0,0,0
93.47,1,0,0,0
93.5,1,0,0,0
93.53,1,0,0,0
93.57,1,0,0,0
93.6,1,0,0,0
93.63,1,0,0,0
93.67,1,0,0,0
93.7,1,0,0,0
93.73,1,0,0,0
93.77,1,0,0,0
93.8,1,0,0,0
93.83,1,0,0,0
93.87,1,0,0,0
93.9,1,0,0,0
93.93,1,0,0,0
93.97,1,0,0,0
94.0,1,0,0,0
94.03,1,0,0,0
94.07,1,0,0,0
94.1,1,0,0,0
94.13,1,0,0,0
94.17,1,0,0,0
94.2,1,0,0,0
94.23,1,0,0,0
94.27,1,0,0,0
94.3,1,0,0,0
94.33,1,0,0,0
94.37,1,0,0,0
94.4,0,1,0,0
94.43,0,1,0,0
94.47,0,1,0,0
94.5,0,1,0,0
94.53,0,1,0,0
94.57,0,1,0,0
94.6,0,1,0,0
94.63,0,1,0,0
94.67,0,1,0,0
94.7,0,1,0,0
94.73,0,1,0,0
94.77,0,1,0,0
94.8,0,1,0,0
94.83,0,1,0,0
94.87,0,1,0,0
94.9,0,1,0,0
94.93,0,1,0,0
94.97,0,1,0,0
95.0,0,1,0,0
95.03,0,1,0,0
95.07,0,1,0,0
95.1,0,1,0,0
95.13,0,1,0,0
95.17,0,1,0,0
95.2,0,1,0,0
95.23,0,1,0,0
95.27,0,1,0,0
95.3,0,1,0,0
95.33,0,1,0,0
95.37,0,1,0,0
95.4,0,1,0,0
95.43,0,1,0,0
95.47,0,1,0,0
95.5,0,1,0,0
95.53,0,1,0,0
95.57,0,1,0,0
95.6,1,0,0,0
95.63,1,0,0,0
95.67,1,0,0,0
95.7,1,0,0,0
95.73,1,0,0,0
95.77,1,0,0,0
95.8,1,0,0,0
95.83,1,0,0,0
95.87,1,0,0,0
95.9,1,0,0,0
95.93,1,0,0,0
95.97,1,0,0,0
96.0,1,0,0,0
96.03,1,0,0,0
96.07,1,0,0,0
96.1,1,0,0,0
96.13,1,0,0,0
96.17,1,0,0,0
96.2,1,0,0,0
96.23,1,0,0,0
96.27,1,0,0,0
96.3,1,0,0,0
96.33,1,0,0,0
96.37,1,0,0,0
96.4,1,0,0,0
96.43,1,0,0,0
96.47,1,0,0,0
96.5,1,0,0,0
96.53,1,0,0,0
96.57,1,0,0,0
96.6,1,0,0,0
96.63,1,0,0,0
96.67,1,0,0,0
96.7,1,0,0,0
96.73,1,0,0,0
96.77,1,0,0,0
96.8,1,0,0,0
96.83,1,0,0,0
96.87,1,0,0,0
96.9,1,0,0,0
96.93,1,0,0,0
96.97,1,0,0,0
97.0,1,0,0,0
97.03,1,0,0,0
97.07,1,0,0,0
97.1,1,0,0,0
97.13,1,0,0,0
97.17,1,0,0,0
97.2,1,0,0,0
97.23,1,0,0,0
97.27,1,0,0,0
97.3,1,0,0,0
97.33,1,0,0,0
97.37,1,0,0,0
97.4,1,0,0,0
97.43,1,0,0,0
97.47,1,0,0,0
97.5,1,0,0,0
97.53,1,0,0,0
97.57,1,0,0,0
97.6,1,0,0,0
97.63,1,0,0,0
97.67,1,0,0,0
97.7,1,0,0,0
97.73,1,0,0,0
97.77,1,0,0,0
97.8,1,0,0,0
97.83,1,0,0,0
97.87,1,0,0,0
97.9,1,0,0,0
97.93,1,0,0,0
97.97,1,0,0,0
98.0,1,0,0,0
98.03,1,0,0,0
98.07,1,0,0,0
98.1,1,0,0,0
98.13,1,0,0,0
98.17,1,0,0,0
98.2,1,0,0,0
98.23,1,0,0,0
98.27,1,0,0,0
98.3,1,0,0,0
98.33,1,0,0,0
98.37,1,0,0,0
98.4,1,0,0,0
98.43,1,0,0,0
98.47,1,0,0,0
98.5,1,0,0,0
98.53,1,0,0,0
98.57,1,0,0,0
98.6,1,0,0,0
98.63,1,0,0,0
98.67,1,0,0,0
98.7,1,0,0,0
98.73,1,0,0,0
98.77,1,0,0,0
98.8,1,0,0,0
98.83,1,0,0,0
98.87,1,0,0,0
98.9,1,0,0,0
98.93,1,0,0,0
98.97,1,0,0,0
99.0,1,0,0,0
99.03,1,0,0,0
99.07,1,0,0,0
99.1,1,0,0,0
99.13,1,0,0,0
99.17,1,0,0,0
99.2,1,0,0,0
99.23,1,0,0,0
99.27,1,0,0,0
99.3,1,0,0,0
99.33,1,0,0,0
99.37,1,0,0,0
99.4,1,0,0,0
99.43,1,0,0,0
99.47,1,0,0,0
99.5,1,0,0,0
99.53,1,0,0,0
99.57,1,0,0,0
99.6,1,0,0,0
99.63,1,0,0,0
99.67,1,0,0,0
99.7,1,0,0,0
99.73,1,0,0,0
99.77,1,0,0,0
99.8,1,0,0,0
99.83,1,0,0,0
99.87,1,0,0,0
99.9,1,0,0,0
99.93,1,0,0,0
99.97,1,0,0,0
100.0,1,0,0,0
100.03,1,0,0,0
100.07,1,0,0,0
100.1,1,0,0,0
100.13,1,0,0,0
100.17,1,0,0,0
100.2,1,0,0,0
100.23,1,0,0,0
100.27,1,0,0,0
100.3,1,0,0,0
100.33,1,0,0,0
100.37,1,0,0,0
100.4,1,0,0,0
100.43,1,0,0,0
100.47,1,0,0,0
100.5,1,0,0,0
100.53,1,0,0,0
100.57,1,0,0,0
100.6,1,0,0,0
100.63,1,0,0,0
100.67,1,0,0,0
100.7,1,0,0,0
100.73,1,0,0,0
100.77,1,0,0,0
100.8,1,0,0,0
100.83,1,0,0,0
100.87,1,0,0,0
100.9,1,0,0,0
100.93,1,0,0,0
100.97,1,0,0,0
101.0,1,0,0,0
101.03,1,0,0,0
101.07,1,0,0,0
101.1,1,0,0,0
101.13,1,0,0,0
101.17,1,0,0,0
101.2,1,0,0,0
101.23,1,0,0,0
101.27,1,0,0,0
101.3,1,0,0,0
101.33,1,0,0,0
101.37,1,0,0,0
101.4,1,0,0,0
101.43,1,0,0,0
101.47,1,0,0,0
101.5,1,0,0,0
101.53,1,0,0,0
101.57,1,0,0,0
101.6,1,0,0,0
101.63,1,0,0,0
101.67,1,0,0,0
101.7,1,0,0,0
101.73,1,0,0,0
101.77,1,0,0,0
101.8,1,0,0,0
101.83,1,0,0,0
101.87,1,0,0,0
101.9,1,0,0,0
101.93,1,0,0,0
101.97,1,0,0,0
102.0,1,0,0,0
102.03,1,0,0,0
102.07,1,0,0,0
102.1,1,0,0,0
102.13,1,0,0,0
102.17,1,0,0,0
102.2,1,0,0,0
102.23,1,0,0,0
102.27,1,0,0,0
102.3,1,0,0,0
102.33,1,0,0,0
102.37,1,0,0,0
102.4,1,0,0,0
102.43,1,0,0,0
102.47,1,0,0,0
102.5,1,0,0,0
102.53,1,0,0,0
102.57,1,0,0,0
102.6,1,0,0,0
102.63,1,0,0,0
102.67,1,0,0,0
102.7,1,0,0,0
102.73,1,0,0,0
102.77,1,0,0,0
102.8,1,0,0,0
102.83,1,0,0,0
102.87,1,0,0,0
102.9,1,0,0,0
102.93,1,0,0,0
102.97,1,0,0,0
103.0,1,0,0,0
103.03,1,0,0,0
103.07,1,0,0,0
103.1,1,0,0,0
103.13,1,0,0,0
103.17,1,0,0,0
103.2,1,0,0,0
103.23,1,0,0,0
103.27,1,0,0,0
103.3,1,0,0,0
103.33,1,0,0,0
103.37,1,0,0,0
103.4,1,0,0,0
103.43,1,0,0,0
103.47,1,0,0,0
103.5,1,0,0,0
103.53,1,0,0,0
103.57,1,0,0,0
103.6,1,0,0,0
103.63,1,0,0,0
103.67,1,0,0,0
103.7,1,0,0,0
103.73,1,0,0,0
103.77,1,0,0,0
103.8,1,0,0,0
103.83,1,0,0,0
103.87,1,0,0,0
103.9,1,0,0,0
103.93,1,0,0,0
103.97,1,0,0,0
104.0,1,0,0,0
104.03,1,0,0,0
104.07,1,0,0,0
104.1,1,0,0,0
104.13,1,0,0,0
104.17,1,0,0,0
104.2,1,0,0,0
104.23,1,0,0,0
104.27,1,0,0,0
104.3,1,0,0,0
104.33,1,0,0,0
104.37,1,0,0,0
104.4,1,0,0,0
104.43,1,0,0,0
104.47,1,0,0,0
104.5,1,0,0,0
104.53,1,0,0,0
104.57,1,0,0,0
104.6,1,0,0,0
104.63,1,0,0,0
104.67,1,0,0,0
104.7,1,0,0,0
104.73,1,0,0,0
104.77,1,0,0,0
104.8,1,0,0,0
104.83,1,0,0,0
104.87,1,0,0,0
104.9,1,0,0,0
104.93,1,0,0,0
104.97,1,0,0,0
105.0,1,0,0,0
105.03,1,0,0,0
105.07,1,0,0,0
105.1,1,0,0,0
105.13,1,0,0,0
105.17,1,0,0,0
105.2,1,0,0,0
105.23,1,0,0,0
105.27,1,0,0,0
105.3,1,0,0,0
105.33,1,0,0,0
105.37,1,0,0,0
105.4,1,0,0,0
105.43,1,0,0,0
105.47,1,0,0,0
105.5,1,0,0,0
105.53,1,0,0,0
105.57,1,0,0,0
105.6,1,0,0,0
105.63,1,0,0,0
105.67,1,0,0,0
105.7,1,0,0,0
105.73,1,0,0,0
105.77,1,0,0,0
105.8,1,0,0,0
105.83,1,0,0,0
105.87,1,0,0,0
105.9,1,0,0,0
105.93,1,0,0,0
105.97,1,0,0,0
106.0,1,0,0,0
106.03,1,0,0,0
106.07,1,0,0,0
106.1,1,0,0,0
106.13,1,0,0,0
106.17,1,0,0,0
106.2,1,0,0,0
106.23,1,0,0,0
106.27,1,0,0,0
106.3,1,0,0,0
106.33,1,0,0,0
106.37,1,0,0,0
106.4,1,0,0,0
106.43,1,0,0,0
106.47,1,0,0,0
106.5,1,0,0,0
106.53,1,0,0,0
106.57,1,0,0,0
106.6,1,0,0,0
106.63,1,0,0,0
106.67,1,0,0,0
106.7,1,0,0,0
106.73,1,0,0,0
106.77,1,0,0,0
106.8,1,0,0,0
106.83,1,0,0,0
106.87,1,0,0,0
106.9,1,0,0,0
106.93,1,0,0,0
106.97,1,0,0,0
107.0,1,0,0,0
107.03,1,0,0,0
107.07,1,0,0,0
107.1,1,0,0,0
107.13,1,0,0,0
107.17,1,0,0,0
107.2,1,0,0,0
107.23,1,0,0,0
107.27,1,0,0,0
107.3,1,0,0,0
107.33,1,0,0,0
107.37,1,0,0,0
107.4,1,0,0,0
107.43,1,0,0,0
107.47,1,0,0,0
107.5,1,0,0,0
107.53,1,0,0,0
107.57,1,0,0,0
107.6,1,0,0,0
107.63,1,0,0,0
107.67,1,0,0,0
107.7,1,0,0,0
107.73,1,0,0,0
107.77,1,0,0,0
107.8,1,0,0,0
107.83,1,0,0,0
107.87,1,0,0,0
107.9,1,0,0,0
107.93,1,0,0,0
107.97,1,0,0,0
108.0,1,0,0,0
108.03,1,0,0,0
108.07,1,0,0,0
108.1,1,0,0,0
108.13,1,0,0,0
108.17,1,0,0,0
108.2,1,0,0,0
108.23,1,0,0,0
108.27,1,0,0,0
108.3,1,0,0,0
108.33,1,0,0,0
108.37,1,0,0,0
108.4,1,0,0,0
108.43,1,0,0,0
108.47,1,0,0,0
108.5,1,0,0,0
108.53,1,0,0,0
108.57,1,0,0,0
108.6,1,0,0,0
108.63,1,0,0,0
108.67,1,0,0,0
108.7,1,0,0,0
108.73,1,0,0,0
108.77,1,0,0,0
108.8,1,0,0,0
108.83,1,0,0,0
108.87,1,0,0,0
108.9,1,0,0,0
108.93,1,0,0,0
108.97,1,0,0,0
109.0,1,0,0,0
109.03,1,0,0,0
109.07,1,0,0,0
109.1,1,0,0,0
109.13,1,0,0,0
109.17,1,0,0,0
109.2,1,0,0,0
109.23,1,0,0,0
109.27,1,0,0,0
109.3,1,0,0,0
109.33,1,0,0,0
109.37,1,0,0,0
109.4,1,0,0,0
109.43,1,0,0,0
109.47,1,0,0,0
109.5,1,0,0,0
109.53,1,0,0,0
109.57,1,0,0,0
109.6,1,0,0,0
109.63,1,0,0,0
109.67,1,0,0,0
109.7,1,0,0,0
109.73,1,0,0,0
109.77,1,0,0,0
109.8,1,0,0,0
109.83,1,0,0,0
109.87,1,0,0,0
109.9,1,0,0,0
109.93,1,0,0,0
109.97,1,0,0,0
110.0,1,0,0,0
110.03,1,0,0,0
110.07,1,0,0,0
110.1,1,0,0,0
110.13,1,0,0,0
110.17,1,0,0,0
110.2,1,0,0,0
110.23,1,0,0,0
110.27,1,0,0,0
110.3,1,0,0,0
110.33,1,0,0,0
110.37,1,0,0,0
110.4,1,0,0,0
110.43,1,0,0,0
110.47,1,0,0,0
110.5,1,0,0,0
110.53,1,0,0,0
110.57,1,0,0,0
110.6,1,0,0,0
110.63,1,0,0,0
110.67,1,0,0,0
110.7,1,0,0,0
110.73,1,0,0,0
110.77,1,0,0,0
110.8,1,0,0,0
110.83,1,0,0,0
110.87,1,0,0,0
110.9,1,0,0,0
110.93,1,0,0,0
110.97,1,0,0,0
111.0,1,0,0,0
111.03,1,0,0,0
111.07,1,0,0,0
111.1,1,0,0,0
111.13,1,0,0,0
111.17,1,0,0,0
111.2,1,0,0,0
111.23,1,0,0,0
111.27,1,0,0,0
111.3,1,0,0,0
111.33,1,0,0,0
111.37,1,0,0,0
111.4,1,0,0,0
111.43,1,0,0,0
111.47,1,0,0,0
111.5,1,0,0,0
111.53,1,0,0,0
111.57,1,0,0,0
111.6,0,1,0,0
111.63,0,1,0,0
111.67,0,1,0,0
111.7,0,1,0,0
111.73,0,1,0,0
111.77,0,1,0,0
111.8,0,1,0,0
111.83,0,1,0,0
111.87,0,1,0,0
111.9,0,1,0,0
111.93,0,1,0,0
111.97,0,1,0,0
112.0,0,1,0,0
112.03,0,1,0,0
112.07,0,1,0,0
112.1,0,1,0,0
112.13,0,1,0,0
112.17,0,1,0,0
112.2,0,1,0,0
112.23,0,1,0,0
112.27,0,1,0,0
112.3,0,1,0,0
112.33,0,1,0,0
112.37,0,1,0,0
112.4,0,1,0,0
112.43,0,1,0,0
112.47,0,1,0,0
112.5,0,1,0,0
112.53,0,1,0,0
112.57,0,1,0,0
112.6,0,1,0,0
112.63,0,1,0,0
112.67,0,1,0,0
112.7,0,1,0,0
112.73,0,1,0,0
112.77,0,1,0,0
112.8,1,0,0,0
112.83,1,0,0,0
112.87,1,0,0,0
112.9,1,0,0,0
112.93,1,0,0,0
112.97,1,0,0,0
113.0,1,0,0,0
113.03,1,0,0,0
113.07,1,0,0,0
113.1,1,0,0,0
113.13,1,0,0,0
113.17,1,0,0,0
113.2,0,1,0,0
113.23,0,1,0,0
113.27,0,1,0,0
113.3,0,1,0,0
113.33,0,1,0,0
113.37,0,1,0,0
113.4,0,1,0,0
113.43,0,1,0,0
113.47,0,1,0,0
113.5,0,1,0,0
113.53,0,1,0,0
113.57,0,1,0,0
113.6,1,0,0,0
113.63,1,0,0,0
113.67,1,0,0,0
113.7,1,0,0,0
113.73,1,0,0,0
113.77,1,0,0,0
113.8,1,0,0,0
113.83,1,0,0,0
113.87,1,0,0,0
113.9,1,0,0,0
113.93,1,0,0,0
113.97,1,0,0,0
114.0,1,0,0,0
114.03,1,0,0,0
114.07,1,0,0,0
114.1,1,0,0,0
114.13,1,0,0,0
114.17,1,0,0,0
114.2,1,0,0,0
114.23,1,0,0,0
114.27,1,0,0,0
114.3,1,0,0,0
114.33,1,0,0,0
114.37,1,0,0,0
114.4,1,0,0,0
114.43,1,0,0,0
114.47,1,0,0,0
114.5,1,0,0,0
114.53,1,0,0,0
114.57,1,0,0,0
114.6,1,0,0,0
114.63,1,0,0,0
114.67,1,0,0,0
114.7,1,0,0,0
114.73,1,0,0,0
114.77,1,0,0,0
114.8,1,0,0,0
114.83,1,0,0,0
114.87,1,0,0,0
114.9,1,0,0,0
114.93,1,0,0,0
114.97,1,0,0,0
115.0,1,0,0,0
115.03,1,0,0,0
115.07,1,0,0,0
115.1,1,0,0,0
115.13,1,0,0,0
115.17,1,0,0,0
115.2,1,0,0,0
115.23,1,0,0,0
115.27,1,0,0,0
115.3,1,0,0,0
115.33,1,0,0,0
115.37,1,0,0,0
115.4,1,0,0,0
115.43,1,0,0,0
115.47,1,0,0,0
115.5,1,0,0,0
115.53,1,0,0,0
115.57,1,0,0,0
115.6,1,0,0,0
115.63,1,0,0,0
115.67,1,0,0,0
115.7,1,0,0,0
115.73,1,0,0,0
115.77,1,0,0,0
115.8,1,0,0,0
115.83,1,0,0,0
115.87,1,0,0,0
115.9,1,0,0,0
115.93,1,0,0,0
115.97,1,0,0,0
116.0,1,0,0,0
116.03,1,0,0,0
116.07,1,0,0,0
116.1,1,0,0,0
116.13,1,0,0,0
116.17,1,0,0,0
116.2,1,0,0,0
116.23,1,0,0,0
116.27,1,0,0,0
116.3,1,0,0,0
116.33,1,0,0,0
116.37,1,0,0,0
116.4,1,0,0,0
116.43,1,0,0,0
116.47,1,0,0,0
116.5,1,0,0,0
116.53,1,0,0,0
116.57,1,0,0,0
116.6,1,0,0,0
116.63,1,0,0,0
116.67,1,0,0,0
116.7,1,0,0,0
116.73,1,0,0,0
116.77,1,0,0,0
116.8,1,0,0,0
116.83,1,0,0,0
116.87,1,0,0,0
116.9,1,0,0,0
116.93,1,0,0,0
116.97,1,0,0,0
117.0,1,0,0,0
117.03,1,0,0,0
117.07,1,0,0,0
117.1,1,0,0,0
117.13,1,0,0,0
117.17,1,0,0,0
117.2,1,0,0,0
117.23,1,0,0,0
117.27,1,0,0,0
117.3,1,0,0,0
117.33,1,0,0,0
117.37,1,0,0,0
117.4,1,0,0,0
117.43,1,0,0,0
117.47,1,0,0,0
117.5,1,0,0,0
117.53,1,0,0,0
117.57,1,0,0,0
117.6,1,0,0,0
117.63,1,0,0,0
117.67,1,0,0,0
117.7,1,0,0,0
117.73,1,0,0,0
117.77,1,0,0,0
117.8,1,0,0,0
117.83,1,0,0,0
117.87,1,0,0,0
117.9,1,0,0,0
117.93,1,0,0,0
117.97,1,0,0,0
118.0,1,0,0,0
118.03,1,0,0,0
118.07,1,0,0,0
118.1,1,0,0,0
118.13,1,0,0,0
118.17,1,0,0,0
118.2,1,0,0,0
118.23,1,0,0,0
118.27,1,0,0,0
118.3,1,0,0,0
118.33,1,0,0,0
118.37,1,0,0,0
118.4,1,0,0,0
118.43,1,0,0,0
118.47,1,0,0,0
118.5,1,0,0,0
118.53,1,0,0,0
118.57,1,0,0,0
118.6,1,0,0,0
118.63,1,0,0,0
118.67,1,0,0,0
118.7,1,0,0,0
118.73,1,0,0,0
118.77,1,0,0,0
118.8,1,0,0,0
118.83,1,0,0,0
118.87,1,0,0,0
118.9,1,0,0,0
118.93,1,0,0,0
118.97,1,0,0,0
119.0,1,0,0,0
119.03,1,0,0,0
119.07,1,0,0,0
119.1,1,0,0,0
119.13,1,0,0,0
119.17,1,0,0,0
119.2,1,0,0,0
119.23,1,0,0,0
119.27,1,0,0,0
119.3,1,0,0,0
119.33,1,0,0,0
119.37,1,0,0,0
119.4,1,0,0,0
119.43,1,0,0,0
119.47,1,0,0,0
119.5,1,0,0,0
119.53,1,0,0,0
119.57,1,0,0,0
119.6,1,0,0,0
119.63,1,0,0,0
119.67,1,0,0,0
119.7,1,0,0,0
119.73,1,0,0,0
119.77,1,0,0,0
119.8,1,0,0,0
119.83,1,0,0,0
119.87,1,0,0,0
119.9,1,0,0,0
119.93,1,0,0,0
119.97,1,0,0,0
120.0,1,0,0,0
120.03,1,0,0,0
120.07,1,0,0,0
120.1,1,0,0,0
120.13,1,0,0,0
120.17,1,0,0,0
120.2,1,0,0,0
120.23,1,0,0,0
120.27,1,0,0,0
120.3,1,0,0,0
120.33,1,0,0,0
120.37,1,0,0,0
120.4,1,0,0,0
120.43,1,0,0,0
120.47,1,0,0,0
120.5,1,0,0,0
120.53,1,0,0,0
120.57,1,0,0,0
120.6,1,0,0,0
120.63,1,0,0,0
120.67,1,0,0,0
120.7,1,0,0,0
120.73,1,0,0,0
120.77,1,0,0,0
120.8,1,0,0,0
120.83,1,0,0,0
120.87,1,0,0,0
120.9,1,0,0,0
120.93,1,0,0,0
120.97,1,0,0,0
121.0,1,0,0,0
121.03,1,0,0,0
121.07,1,0,0,0
121.1,1,0,0,0
121.13,1,0,0,0
121.17,1,0,0,0
121.2,1,0,0,0
121.23,1,0,0,0
121.27,1,0,0,0
121.3,1,0,0,0
121.33,1,0,0,0
121.37,1,0,0,0
121.4,1,0,0,0
121.43,1,0,0,0
121.47,1,0,0,0
121.5,1,0,0,0
121.53,1,0,0,0
121.57,1,0,0,0
121.6,1,0,0,0
121.63,1,0,0,0
121.67,1,0,0,0
121.7,1,0,0,0
121.73,1,0,0,0
121.77,1,0,0,0
121.8,1,0,0,0
121.83,1,0,0,0
121.87,1,0,0,0
121.9,1,0,0,0
121.93,1,0,0,0
121.97,1,0,0,0
122.0,1,0,0,0
122.03,1,0,0,0
122.07,1,0,0,0
122.1,1,0,0,0
122.13,1,0,0,0
122.17,1,0,0,0
122.2,1,0,0,0
122.23,1,0,0,0
122.27,1,0,0,0
122.3,1,0,0,0
122.33,1,0,0,0
122.37,1,0,0,0
122.4,1,0,0,0
122.43,1,0,0,0
122.47,1,0,0,0
122.5,1,0,0,0
122.53,1,0,0,0
122.57,1,0,0,0
122.6,1,0,0,0
122.63,1,0,0,0
122.67,1,0,0,0
122.7,1,0,0,0
122.73,1,0,0,0
122.77,1,0,0,0
122.8,1,0,0,0
122.83,1,0,0,0
122.87,1,0,0,0
122.9,1,0,0,0
122.93,1,0,0,0
122.97,1,0,0,0
123.0,1,0,0,0
123.03,1,0,0,0
123.07,1,0,0,0
123.1,1,0,0,0
123.13,1,0,0,0
123.17,1,0,0,0
123.2,1,0,0,0
123.23,1,0,0,0
123.27,1,0,0,0
123.3,1,0,0,0
123.33,1,0,0,0
123.37,1,0,0,0
123.4,1,0,0,0
123.43,1,0,0,0
123.47,1,0,0,0
123.5,1,0,0,0
123.53,1,0,0,0
123.57,1,0,0,0
123.6,1,0,0,0
123.63,1,0,0,0
123.67,1,0,0,0
123.7,1,0,0,0
123.73,1,0,0,0
123.77,1,0,0,0
123.8,1,0,0,0
123.83,1,0,0,0
123.87,1,0,0,0
123.9,1,0,0,0
123.93,1,0,0,0
123.97,1,0,0,0
124.0,1,0,0,0
124.03,1,0,0,0
124.07,1,0,0,0
124.1,1,0,0,0
124.13,1,0,0,0
124.17,1,0,0,0
124.2,1,0,0,0
124.23,1,0,0,0
124.27,1,0,0,0
124.3,1,0,0,0
124.33,1,0,0,0
124.37,1,0,0,0
124.4,1,0,0,0
124.43,1,0,0,0
124.47,1,0,0,0
124.5,1,0,0,0
124.53,1,0,0,0
124.57,1,0,0,0
124.6,1,0,0,0
124.63,1,0,0,0
124.67,1,0,0,0
124.7,1,0,0,0
124.73,1,0,0,0
124.77,1,0,0,0
124.8,1,0,0,0
124.83,1,0,0,0
124.87,1,0,0,0
124.9,1,0,0,0
124.93,1,0,0,0
124.97,1,0,0,0
125.0,1,0,0,0
125.03,1,0,0,0
125.07,1,0,0,0
125.1,1,0,0,0
125.13,1,0,0,0
125.17,1,0,0,0
125.2,1,0,0,0
125.23,1,0,0,0
125.27,1,0,0,0
125.3,1,0,0,0
125.33,1,0,0,0
125.37,1,0,0,0
125.4,1,0,0,0
125.43,1,0,0,0
125.47,1,0,0,0
125.5,1,0,0,0
125.53,1,0,0,0
125.57,1,0,0,0
125.6,1,0,0,0
125.63,1,0,0,0
125.67,1,0,0,0
125.7,1,0,0,0
125.73,1,0,0,0
125.77,1,0,0,0
125.8,1,0,0,0
125.83,1,0,0,0
125.87,1,0,0,0
125.9,1,0,0,0
125.93,1,0,0,0
125.97,1,0,0,0
126.0,1,0,0,0
126.03,1,0,0,0
126.07,1,0,0,0
126.1,1,0,0,0
126.13,1,0,0,0
126.17,1,0,0,0
126.2,1,0,0,0
126.23,1,0,0,0
126.27,1,0,0,0
126.3,1,0,0,0
126.33,1,0,0,0
126.37,1,0,0,0
126.4,1,0,0,0
126.43,1,0,0,0
126.47,1,0,0,0
126.5,1,0,0,0
126.53,1,0,0,0
126.57,1,0,0,0
126.6,1,0,0,0
126.63,1,0,0,0
126.67,1,0,0,0
126.7,1,0,0,0
126.73,1,0,0,0
126.77,1,0,0,0
126.8,1,0,0,0
126.83,1,0,0,0
126.87,1,0,0,0
126.9,1,0,0,0
126.93,1,0,0,0
126.97,1,0,0,0
127.0,1,0,0,0
127.03,1,0,0,0
127.07,1,0,0,0
127.1,1,0,0,0
127.13,1,0,0,0
127.17,1,0,0,0
127.2,1,0,0,0
127.23,1,0,0,0
127.27,1,0,0,0
127.3,1,0,0,0
127.33,1,0,0,0
127.37,1,0,0,0
127.4,1,0,0,0
127.43,1,0,0,0
127.47,1,0,0,0
127.5,1,0,0,0
127.53,1,0,0,0
127.57,1,0,0,0
127.6,1,0,0,0
127.63,1,0,0,0
127.67,1,0,0,0
127.7,1,0,0,0
127.73,1,0,0,0
127.77,1,0,0,0
127.8,1,0,0,0
127.83,1,0,0,0
127.87,1,0,0,0
127.9,1,0,0,0
127.93,1,0,0,0
127.97,1,0,0,0
128.0,1,0,0,0
128.03,1,0,0,0
128.07,1,0,0,0
128.1,1,0,0,0
128.13,1,0,0,0
128.17,1,0,0,0
128.2,1,0,0,0
128.23,1,0,0,0
128.27,1,0,0,0
128.3,1,0,0,0
128.33,1,0,0,0
128.37,1,0,0,0
128.4,1,0,0,0
128.43,1,0,0,0
128.47,1,0,0,0
128.5,1,0,0,0
128.53,1,0,0,0
128.57,1,0,0,0
128.6,1,0,0,0
128.63,1,0,0,0
128.67,1,0,0,0
128.7,1,0,0,0
128.73,1,0,0,0
128.77,1,0,0,0
128.8,1,0,0,0
128.83,1,0,0,0
128.87,1,0,0,0
128.9,1,0,0,0
128.93,1,0,0,0
128.97,1,0,0,0
129.0,1,0,0,0
129.03,1,0,0,0
129.07,1,0,0,0
129.1,1,0,0,0
129.13,1,0,0,0
129.17,1,0,0,0
129.2,1,0,0,0
129.23,1,0,0,0
129.27,1,0,0,0
129.3,1,0,0,0
129.33,1,0,0,0
129.37,1,0,0,0
129.4,1,0,0,0
129.43,1,0,0,0
129.47,1,0,0,0
129.5,1,0,0,0
129.53,1,0,0,0
129.57,1,0,0,0
129.6,1,0,0,0
129.63,1,0,0,0
129.67,1,0,0,0
129.7,1,0,0,0
129.73,1,0,0,0
129.77,1,0,0,0
129.8,1,0,0,0
129.83,1,0,0,0
129.87,1,0,0,0
129.9,1,0,0,0
129.93,1,0,0,0
129.97,1,0,0,0
130.0,1,0,0,0
130.03,1,0,0,0
130.07,1,0,0,0
130.1,1,0,0,0
130.13,1,0,0,0
130.17,1,0,0,0
130.2,1,0,0,0
130.23,1,0,0,0
130.27,1,0,0,0
130.3,1,0,0,0
130.33,1,0,0,0
130.37,1,0,0,0
130.4,1,0,0,0
130.43,1,0,0,0
130.47,1,0,0,0
130.5,1,0,0,0
130.53,1,0,0,0
130.57,1,0,0,0
130.6,1,0,0,0
130.63,1,0,0,0
130.67,1,0,0,0
130.7,1,0,0,0
130.73,1,0,0,0
130.77,1,0,0,0
130.8,1,0,0,0
130.83,1,0,0,0
130.87,1,0,0,0
130.9,1,0,0,0
130.93,1,0,0,0
130.97,1,0,0,0
131.0,1,0,0,0
131.03,1,0,0,0
131.07,1,0,0,0
131.1,1,0,0,0
131.13,1,0,0,0
131.17,1,0,0,0
131.2,1,0,0,0
131.23,1,0,0,0
131.27,1,0,0,0
131.3,1,0,0,0
131.33,1,0,0,0
131.37,1,0,0,0
131.4,1,0,0,0
131.43,1,0,0,0
131.47,1,0,0,0
131.5,1,0,0,0
131.53,1,0,0,0
131.57,1,0,0,0
131.6,1,0,0,0
131.63,1,0,0,0
131.67,1,0,0,0
131.7,1,0,0,0
131.73,1,0,0,0
131.77,1,0,0,0
131.8,1,0,0,0
131.83,1,0,0,0
131.87,1,0,0,0
131.9,1,0,0,0
131.93,1,0,0,0
131.97,1,0,0,0
132.0,1,0,0,0
132.03,1,0,0,0
132.07,1,0,0,0
132.1,1,0,0,0
132.13,1,0,0,0
132.17,1,0,0,0
132.2,1,0,0,0
132.23,1,0,0,0
132.27,1,0,0,0
132.3,1,0,0,0
132.33,1,0,0,0
132.37,1,0,0,0
132.4,1,0,0,0
132.43,1,0,0,0
132.47,1,0,0,0
132.5,1,0,0,0
132.53,1,0,0,0
132.57,1,0,0,0
132.6,1,0,0,0
132.63,1,0,0,0
132.67,1,0,0,0
132.7,1,0,0,0
132.73,1,0,0,0
132.77,1,0,0,0
132.8,1,0,0,0
132.83,1,0,0,0
132.87,1,0,0,0
132.9,1,0,0,0
132.93,1,0,0,0
132.97,1,0,0,0
133.0,1,0,0,0
133.03,1,0,0,0
133.07,1,0,0,0
133.1,1,0,0,0
133.13,1,0,0,0
133.17,1,0,0,0
133.2,1,0,0,0
133.23,1,0,0,0
133.27,1,0,0,0
133.3,1,0,0,0
133.33,1,0,0,0
133.37,1,0,0,0
133.4,1,0,0,0
133.43,1,0,0,0
133.47,1,0,0,0
133.5,1,0,0,0
133.53,1,0,0,0
133.57,1,0,0,0
133.6,1,0,0,0
133.63,1,0,0,0
133.67,1,0,0,0
133.7,1,0,0,0
133.73,1,0,0,0
133.77,1,0,0,0
133.8,1,0,0,0
133.83,1,0,0,0
133.87,1,0,0,0
133.9,1,0,0,0
133.93,1,0,0,0
133.97,1,0,0,0
134.0,1,0,0,0
134.03,1,0,0,0
134.07,1,0,0,0
134.1,1,0,0,0
134.13,1,0,0,0
134.17,1,0,0,0
134.2,1,0,0,0
134.23,1,0,0,0
134.27,1,0,0,0
134.3,1,0,0,0
134.33,1,0,0,0
134.37,1,0,0,0
134.4,1,0,0,0
134.43,1,0,0,0
134.47,1,0,0,0
134.5,1,0,0,0
134.53,1,0,0,0
134.57,1,0,0,0
134.6,1,0,0,0
134.63,1,0,0,0
134.67,1,0,0,0
134.7,1,0,0,0
134.73,1,0,0,0
134.77,1,0,0,0
134.8,1,0,0,0
134.83,1,0,0,0
134.87,1,0,0,0
134.9,1,0,0,0
134.93,1,0,0,0
134.97,1,0,0,0
135.0,1,0,0,0
135.03,1,0,0,0
135.07,1,0,0,0
135.1,1,0,0,0
135.13,1,0,0,0
135.17,1,0,0,0
135.2,1,0,0,0
135.23,1,0,0,0
135.27,1,0,0,0
135.3,1,0,0,0
135.33,1,0,0,0
135.37,1,0,0,0
135.4,1,0,0,0
135.43,1,0,0,0
135.47,1,0,0,0
135.5,1,0,0,0
135.53,1,0,0,0
135.57,1,0,0,0
135.6,1,0,0,0
135.63,1,0,0,0
135.67,1,0,0,0
135.7,1,0,0,0
135.73,1,0,0,0
135.77,1,0,0,0
135.8,1,0,0,0
135.83,1,0,0,0
135.87,1,0,0,0
135.9,1,0,0,0
135.93,1,0,0,0
135.97,1,0,0,0
136.0,1,0,0,0
136.03,1,0,0,0
136.07,1,0,0,0
136.1,1,0,0,0
136.13,1,0,0,0
136.17,1,0,0,0
136.2,1,0,0,0
136.23,1,0,0,0
136.27,1,0,0,0
136.3,1,0,0,0
136.33,1,0,0,0
136.37,1,0,0,0
136.4,1,0,0,0
136.43,1,0,0,0
136.47,1,0,0,0
136.5,1,0,0,0
136.53,1,0,0,0
136.57,1,0,0,0
136.6,1,0,0,0
136.63,1,0,0,0
136.67,1,0,0,0
136.7,1,0,0,0
136.73,1,0,0,0
136.77,1,0,0,0
136.8,1,0,0,0
136.83,1,0,0,0
136.87,1,0,0,0
136.9,1,0,0,0
136.93,1,0,0,0
136.97,1,0,0,0
137.0,1,0,0,0
137.03,1,0,0,0
137.07,1,0,0,0
137.1,1,0,0,0
137.13,1,0,0,0
137.17,1,0,0,0
137.2,1,0,0,0
137.23,1,0,0,0
137.27,1,0,0,0
137.3,1,0,0,0
137.33,1,0,0,0
137.37,1,0,0,0
137.4,1,0,0,0
137.43,1,0,0,0
137.47,1,0,0,0
137.5,1,0,0,0
137.53,1,0,0,0
137.57,1,0,0,0
137.6,1,0,0,0
137.63,1,0,0,0
137.67,1,0,0,0
137.7,1,0,0,0
137.73,1,0,0,0
137.77,1,0,0,0
137.8,1,0,0,0
137.83,1,0,0,0
137.87,1,0,0,0
137.9,1,0,0,0
137.93,1,0,0,0
137.97,1,0,0,0
138.0,1,0,0,0
138.03,1,0,0,0
138.07,1,0,0,0
138.1,1,0,0,0
138.13,1,0,0,0
138.17,1,0,0,0
138.2,1,0,0,0
138.23,1,0,0,0
138.27,1,0,0,0
138.3,1,0,0,0
138.33,1,0,0,0
138.37,1,0,0,0
138.4,1,0,0,0
138.43,1,0,0,0
138.47,1,0,0,0
138.5,1,0,0,0
138.53,1,0,0,0
138.57,1,0,0,0
138.6,1,0,0,0
138.63,1,0,0,0
138.67,1,0,0,0
138.7,1,0,0,0
138.73,1,0,0,0
138.77,1,0,0,0
138.8,1,0,0,0
138.83,1,0,0,0
138.87,1,0,0,0
138.9,1,0,0,0
138.93,1,0,0,0
138.97,1,0,0,0
139.0,1,0,0,0
139.03,1,0,0,0
139.07,1,0,0,0
139.1,1,0,0,0
139.13,1,0,0,0
139.17,1,0,0,0
139.2,1,0,0,0
139.23,1,0,0,0
139.27,1,0,0,0
139.3,1,0,0,0
139.33,1,0,0,0
139.37,1,0,0,0
139.4,1,0,0,0
139.43,1,0,0,0
139.47,1,0,0,0
139.5,1,0,0,0
139.53,1,0,0,0
139.57,1,0,0,0
139.6,0,1,0,0
139.63,0,1,0,0
139.67,0,1,0,0
139.7,0,1,0,0
139.73,0,1,0,0
139.77,0,1,0,0
139.8,0,1,0,0
139.83,0,1,0,0
139.87,0,1,0,0
139.9,0,1,0,0
139.93,0,1,0,0
139.97,0,1,0,0
140.0,1,0,0,0
140.03,1,0,0,0
140.07,1,0,0,0
140.1,1,0,0,0
140.13,1,0,0,0
140.17,1,0,0,0
140.2,1,0,0,0
140.23,1,0,0,0
140.27,1,0,0,0
140.3,1,0,0,0
140.33,1,0,0,0
140.37,1,0,0,0
140.4,0,1,0,0
140.43,0,1,0,0
140.47,0,1,0,0
140.5,0,1,0,0
140.53,0,1,0,0
140.57,0,1,0,0
140.6,0,1,0,0
140.63,0,1,0,0
140.67,0,1,0,0
140.7,0,1,0,0
140.73,0,1,0,0
140.77,0,1,0,0
140.8,0,1,0,0
140.83,0,1,0,0
140.87,0,1,0,0
140.9,0,1,0,0
140.93,0,1,0,0
140.97,0,1,0,0
141.0,0,1,0,0
141.03,0,1,0,0
141.07,0,1,0,0
141.1,0,1,0,0
141.13,0,1,0,0
141.17,0,1,0,0
141.2,0,1,0,0
141.23,0,1,0,0
141.27,0,1,0,0
141.3,0,1,0,0
141.33,0,1,0,0
141.37,0,1,0,0
141.4,0,1,0,0
141.43,0,1,0,0
141.47,0,1,0,0
141.5,0,1,0,0
141.53,0,1,0,0
141.57,0,1,0,0
141.6,0,1,0,0
141.63,0,1,0,0
141.67,0,1,0,0
141.7,0,1,0,0
141.73,0,1,0,0
141.77,0,1,0,0
141.8,0,1,0,0
141.83,0,1,0,0
141.87,0,1,0,0
141.9,0,1,0,0
141.93,0,1,0,0
141.97,0,1,0,0
142.0,0,1,0,0
142.03,0,1,0,0
142.07,0,1,0,0
142.1,0,1,0,0
142.13,0,1,0,0
142.17,0,1,0,0
142.2,0,1,0,0
142.23,0,1,0,0
142.27,0,1,0,0
142.3,0,1,0,0
142.33,0,1,0,0
142.37,0,1,0,0
142.4,0,1,0,0
142.43,0,1,0,0
142.47,0,1,0,0
142.5,0,1,0,0
142.53,0,1,0,0
142.57,0,1,0,0
142.6,0,1,0,0
142.63,0,1,0,0
142.67,0,1,0,0
142.7,0,1,0,0
142.73,0,1,0,0
142.77,0,1,0,0
142.8,1,0,0,0
142.83,1,0,0,0
142.87,1,0,0,0
142.9,1,0,0,0
142.93,1,0,0,0
142.97,1,0,0,0
143.0,1,0,0,0
143.03,1,0,0,0
143.07,1,0,0,0
143.1,1,0,0,0
143.13,1,0,0,0
143.17,1,0,0,0
143.2,1,0,0,0
143.23,1,0,0,0
143.27,1,0,0,0
143.3,1,0,0,0
143.33,1,0,0,0
143.37,1,0,0,0
143.4,1,0,0,0
143.43,1,0,0,0
143.47,1,0,0,0
143.5,1,0,0,0
143.53,1,0,0,0
143.57,1,0,0,0
143.6,1,0,0,0
143.63,1,0,0,0
143.67,1,0,0,0
143.7,1,0,0,0
143.73,1,0,0,0
143.77,1,0,0,0
143.8,1,0,0,0
143.83,1,0,0,0
143.87,1,0,0,0
143.9,1,0,0,0
143.93,1,0,0,0
143.97,1,0,0,0
144.0,1,0,0,0
144.03,1,0,0,0
144.07,1,0,0,0
144.1,1,0,0,0
144.13,1,0,0,0
144.17,1,0,0,0
144.2,1,0,0,0
144.23,1,0,0,0
144.27,1,0,0,0
144.3,1,0,0,0
144.33,1,0,0,0
144.37,1,0,0,0
144.4,1,0,0,0
144.43,1,0,0,0
144.47,1,0,0,0
144.5,1,0,0,0
144.53,1,0,0,0
144.57,1,0,0,0
144.6,1,0,0,0
144.63,1,0,0,0
144.67,1,0,0,0
144.7,1,0,0,0
144.73,1,0,0,0
144.77,1,0,0,0
144.8,1,0,0,0
144.83,1,0,0,0
144.87,1,0,0,0
144.9,1,0,0,0
144.93,1,0,0,0
144.97,1,0,0,0
145.0,1,0,0,0
145.03,1,0,0,0
145.07,1,0,0,0
145.1,1,0,0,0
145.13,1,0,0,0
145.17,1,0,0,0
145.2,1,0,0,0
145.23,1,0,0,0
145.27,1,0,0,0
145.3,1,0,0,0
145.33,1,0,0,0
145.37,1,0,0,0
145.4,1,0,0,0
145.43,1,0,0,0
145.47,1,0,0,0
145.5,1,0,0,0
145.53,1,0,0,0
145.57,1,0,0,0
145.6,1,0,0,0
145.63,1,0,0,0
145.67,1,0,0,0
145.7,1,0,0,0
145.73,1,0,0,0
145.77,1,0,0,0
145.8,1,0,0,0
145.83,1,0,0,0
145.87,1,0,0,0
145.9,1,0,0,0
145.93,1,0,0,0
145.97,1,0,0,0
146.0,1,0,0,0
146.03,1,0,0,0
146.07,1,0,0,0
146.1,1,0,0,0
146.13,1,0,0,0
146.17,1,0,0,0
146.2,1,0,0,0
146.23,1,0,0,0
146.27,1,0,0,0
146.3,1,0,0,0
146.33,1,0,0,0
146.37,1,0,0,0
146.4,1,0,0,0
146.43,1,0,0,0
146.47,1,0,0,0
146.5,1,0,0,0
146.53,1,0,0,0
146.57,1,0,0,0
146.6,1,0,0,0
146.63,1,0,0,0
146.67,1,0,0,0
146.7,1,0,0,0
146.73,1,0,0,0
146.77,1,0,0,0
146.8,1,0,0,0
146.83,1,0,0,0
146.87,1,0,0,0
146.9,1,0,0,0
146.93,1,0,0,0
146.97,1,0,0,0
147.0,1,0,0,0
147.03,1,0,0,0
147.07,1,0,0,0
147.1,1,0,0,0
147.13,1,0,0,0
147.17,1,0,0,0
147.2,1,0,0,0
147.23,1,0,0,0
147.27,1,0,0,0
147.3,1,0,0,0
147.33,1,0,0,0
147.37,1,0,0,0
147.4,1,0,0,0
147.43,1,0,0,0
147.47,1,0,0,0
147.5,1,0,0,0
147.53,1,0,0,0
147.57,1,0,0,0
147.6,1,0,0,0
147.63,1,0,0,0
147.67,1,0,0,0
147.7,1,0,0,0
147.73,1,0,0,0
147.77,1,0,0,0
147.8,1,0,0,0
147.83,1,0,0,0
147.87,1,0,0,0
147.9,1,0,0,0
147.93,1,0,0,0
147.97,1,0,0,0
148.0,1,0,0,0
148.03,1,0,0,0
148.07,1,0,0,0
148.1,1,0,0,0
148.13,1,0,0,0
148.17,1,0,0,0
148.2,1,0,0,0
148.23,1,0,0,0
148.27,1,0,0,0
148.3,1,0,0,0
148.33,1,0,0,0
148.37,1,0,0,0
148.4,1,0,0,0
148.43,1,0,0,0
148.47,1,0,0,0
148.5,1,0,0,0
148.53,1,0,0,0
148.57,1,0,0,0
148.6,1,0,0,0
148.63,1,0,0,0
148.67,1,0,0,0
148.7,1,0,0,0
148.73,1,0,0,0
148.77,1,0,0,0
148.8,1,0,0,0
148.83,1,0,0,0
148.87,1,0,0,0
148.9,1,0,0,0
148.93,1,0,0,0
148.97,1,0,0,0
149.0,1,0,0,0
149.03,1,0,0,0
149.07,1,0,0,0
149.1,1,0,0,0
149.13,1,0,0,0
149.17,1,0,0,0
149.2,1,0,0,0
149.23,1,0,0,0
149.27,1,0,0,0
149.3,1,0,0,0
149.33,1,0,0,0
149.37,1,0,0,0
149.4,1,0,0,0
149.43,1,0,0,0
149.47,1,0,0,0
149.5,1,0,0,0
149.53,1,0,0,0
149.57,1,0,0,0
149.6,1,0,0,0
149.63,1,0,0,0
149.67,1,0,0,0
149.7,1,0,0,0
149.73,1,0,0,0
149.77,1,0,0,0
149.8,1,0,0,0
149.83,1,0,0,0
149.87,1,0,0,0
149.9,1,0,0,0
149.93,1,0,0,0
149.97,1,0,0,0
150.0,1,0,0,0
150.03,1,0,0,0
150.07,1,0,0,0
150.1,1,0,0,0
150.13,1,0,0,0
150.17,1,0,0,0
150.2,1,0,0,0
150.23,1,0,0,0
150.27,1,0,0,0
150.3,1,0,0,0
150.33,1,0,0,0
150.37,1,0,0,0
150.4,1,0,0,0
150.43,1,0,0,0
150.47,1,0,0,0
150.5,1,0,0,0
150.53,1,0,0,0
150.57,1,0,0,0
150.6,1,0,0,0
150.63,1,0,0,0
150.67,1,0,0,0
150.7,1,0,0,0
150.73,1,0,0,0
150.77,1,0,0,0
150.8,1,0,0,0
150.83,1,0,0,0
150.87,1,0,0,0
150.9,1,0,0,0
150.93,1,0,0,0
150.97,1,0,0,0
151.0,1,0,0,0
151.03,1,0,0,0
151.07,1,0,0,0
151.1,1,0,0,0
151.13,1,0,0,0
151.17,1,0,0,0
151.2,1,0,0,0
151.23,1,0,0,0
151.27,1,0,0,0
151.3,1,0,0,0
151.33,1,0,0,0
151.37,1,0,0,0
151.4,1,0,0,0
151.43,1,0,0,0
151.47,1,0,0,0
151.5,1,0,0,0
151.53,1,0,0,0
151.57,1,0,0,0
151.6,1,0,0,0
151.63,1,0,0,0
151.67,1,0,0,0
151.7,1,0,0,0
151.73,1,0,0,0
151.77,1,0,0,0
151.8,1,0,0,0
151.83,1,0,0,0
151.87,1,0,0,0
151.9,1,0,0,0
151.93,1,0,0,0
151.97,1,0,0,0
152.0,1,0,0,0
152.03,1,0,0,0
152.07,1,0,0,0
152.1,1,0,0,0
152.13,1,0,0,0
152.17,1,0,0,0
152.2,1,0,0,0
152.23,1,0,0,0
152.27,1,0,0,0
152.3,1,0,0,0
152.33,1,0,0,0
152.37,1,0,0,0
152.4,1,0,0,0
152.43,1,0,0,0
152.47,1,0,0,0
152.5,1,0,0,0
152.53,1,0,0,0
152.57,1,0,0,0
152.6,1,0,0,0
152.63,1,0,0,0
152.67,1,0,0,0
152.7,1,0,0,0
152.73,1,0,0,0
152.77,1,0,0,0
152.8,1,0,0,0
152.83,1,0,0,0
152.87,1,0,0,0
152.9,1,0,0,0
152.93,1,0,0,0
152.97,1,0,0,0
153.0,1,0,0,0
153.03,1,0,0,0
153.07,1,0,0,0
153.1,1,0,0,0
153.13,1,0,0,0
153.17,1,0,0,0
153.2,1,0,0,0
153.23,1,0,0,0
153.27,1,0,0,0
153.3,1,0,0,0
153.33,1,0,0,0
153.37,1,0,0,0
153.4,1,0,0,0
153.43,1,0,0,0
153.47,1,0,0,0
153.5,1,0,0,0
153.53,1,0,0,0
153.57,1,0,0,0
153.6,1,0,0,0
153.63,1,0,0,0
153.67,1,0,0,0
153.7,1,0,0,0
153.73,1,0,0,0
153.77,1,0,0,0
153.8,1,0,0,0
153.83,1,0,0,0
153.87,1,0,0,0
153.9,1,0,0,0
153.93,1,0,0,0
153.97,1,0,0,0
154.0,1,0,0,0
154.03,1,0,0,0
154.07,1,0,0,0
154.1,1,0,0,0
154.13,1,0,0,0
154.17,1,0,0,0
154.2,1,0,0,0
154.23,1,0,0,0
154.27,1,0,0,0
154.3,1,0,0,0
154.33,1,0,0,0
154.37,1,0,0,0
154.4,1,0,0,0
154.43,1,0,0,0
154.47,1,0,0,0
154.5,1,0,0,0
154.53,1,0,0,0
154.57,1,0,0,0
154.6,1,0,0,0
154.63,1,0,0,0
154.67,1,0,0,0
154.7,1,0,0,0
154.73,1,0,0,0
154.77,1,0,0,0
154.8,1,0,0,0
154.83,1,0,0,0
154.87,1,0,0,0
154.9,1,0,0,0
154.93,1,0,0,0
154.97,1,0,0,0
155.0,1,0,0,0
155.03,1,0,0,0
155.07,1,0,0,0
155.1,1,0,0,0
155.13,1,0,0,0
155.17,1,0,0,0
155.2,1,0,0,0
155.23,1,0,0,0
155.27,1,0,0,0
155.3,1,0,0,0
155.33,1,0,0,0
155.37,1,0,0,0
155.4,1,0,0,0
155.43,1,0,0,0
155.47,1,0,0,0
155.5,1,0,0,0
155.53,1,0,0,0
155.57,1,0,0,0
155.6,1,0,0,0
155.63,1,0,0,0
155.67,1,0,0,0
155.7,1,0,0,0
155.73,1,0,0,0
155.77,1,0,0,0
155.8,1,0,0,0
155.83,1,0,0,0
155.87,1,0,0,0
155.9,1,0,0,0
155.93,1,0,0,0
155.97,1,0,0,0
156.0,1,0,0,0
156.03,1,0,0,0
156.07,1,0,0,0
156.1,1,0,0,0
156.13,1,0,0,0
156.17,1,0,0,0
156.2,1,0,0,0
156.23,1,0,0,0
156.27,1,0,0,0
156.3,1,0,0,0
156.33,1,0,0,0
156.37,1,0,0,0
156.4,1,0,0,0
156.43,1,0,0,0
156.47,1,0,0,0
156.5,1,0,0,0
156.53,1,0,0,0
156.57,1,0,0,0
156.6,1,0,0,0
156.63,1,0,0,0
156.67,1,0,0,0
156.7,1,0,0,0
156.73,1,0,0,0
156.77,1,0,0,0
156.8,1,0,0,0
156.83,1,0,0,0
156.87,1,0,0,0
156.9,1,0,0,0
156.93,1,0,0,0
156.97,1,0,0,0
157.0,1,0,0,0
157.03,1,0,0,0
157.07,1,0,0,0
157.1,1,0,0,0
157.13,1,0,0,0
157.17,1,0,0,0
157.2,1,0,0,0
157.23,1,0,0,0
157.27,1,0,0,0
157.3,1,0,0,0
157.33,1,0,0,0
157.37,1,0,0,0
157.4,1,0,0,0
157.43,1,0,0,0
157.47,1,0,0,0
157.5,1,0,0,0
157.53,1,0,0,0
157.57,1,0,0,0
157.6,1,0,0,0
157.63,1,0,0,0
157.67,1,0,0,0
157.7,1,0,0,0
157.73,1,0,0,0
157.77,1,0,0,0
157.8,1,0,0,0
157.83,1,0,0,0
157.87,1,0,0,0
157.9,1,0,0,0
157.93,1,0,0,0
157.97,1,0,0,0
158.0,1,0,0,0
158.03,1,0,0,0
158.07,1,0,0,0
158.1,1,0,0,0
158.13,1,0,0,0
158.17,1,0,0,0
158.2,1,0,0,0
158.23,1,0,0,0
158.27,1,0,0,0
158.3,1,0,0,0
158.33,1,0,0,0
158.37,1,0,0,0
158.4,1,0,0,0
158.43,1,0,0,0
158.47,1,0,0,0
158.5,1,0,0,0
158.53,1,0,0,0
158.57,1,0,0,0
158.6,1,0,0,0
158.63,1,0,0,0
158.67,1,0,0,0
158.7,1,0,0,0
158.73,1,0,0,0
158.77,1,0,0,0
158.8,1,0,0,0
158.83,1,0,0,0
158.87,1,0,0,0
158.9,1,0,0,0
158.93,1,0,0,0
158.97,1,0,0,0
159.0,1,0,0,0
159.03,1,0,0,0
159.07,1,0,0,0
159.1,1,0,0,0
159.13,1,0,0,0
159.17,1,0,0,0
159.2,1,0,0,0
159.23,1,0,0,0
159.27,1,0,0,0
159.3,1,0,0,0
159.33,1,0,0,0
159.37,1,0,0,0
159.4,1,0,0,0
159.43,1,0,0,0
159.47,1,0,0,0
159.5,1,0,0,0
159.53,1,0,0,0
159.57,1,0,0,0
159.6,1,0,0,0
159.63,1,0,0,0
159.67,1,0,0,0
159.7,1,0,0,0
159.73,1,0,0,0
159.77,1,0,0,0
159.8,1,0,0,0
159.83,1,0,0,0
159.87,1,0,0,0
159.9,1,0,0,0
159.93,1,0,0,0
159.97,1,0,0,0
160.0,1,0,0,0
160.03,1,0,0,0
160.07,1,0,0,0
160.1,1,0,0,0
160.13,1,0,0,0
160.17,1,0,0,0
160.2,1,0,0,0
160.23,1,0,0,0
160.27,1,0,0,0
160.3,1,0,0,0
160.33,1,0,0,0
160.37,1,0,0,0
160.4,1,0,0,0
160.43,1,0,0,0
160.47,1,0,0,0
160.5,1,0,0,0
160.53,1,0,0,0
160.57,1,0,0,0
160.6,1,0,0,0
160.63,1,0,0,0
160.67,1,0,0,0
160.7,1,0,0,0
160.73,1,0,0,0
160.77,1,0,0,0
160.8,1,0,0,0
160.83,1,0,0,0
160.87,1,0,0,0
160.9,1,0,0,0
160.93,1,0,0,0
160.97,1,0,0,0
161.0,1,0,0,0
161.03,1,0,0,0
161.07,1,0,0,0
161.1,1,0,0,0
161.13,1,0,0,0
161.17,1,0,0,0
161.2,1,0,0,0
161.23,1,0,0,0
161.27,1,0,0,0
161.3,1,0,0,0
161.33,1,0,0,0
161.37,1,0,0,0
161.4,1,0,0,0
161.43,1,0,0,0
161.47,1,0,0,0
161.5,1,0,0,0
161.53,1,0,0,0
161.57,1,0,0,0
161.6,1,0,0,0
161.63,1,0,0,0
161.67,1,0,0,0
161.7,1,0,0,0
161.73,1,0,0,0
161.77,1,0,0,0
161.8,1,0,0,0
161.83,1,0,0,0
161.87,1,0,0,0
161.9,1,0,0,0
161.93,1,0,0,0
161.97,1,0,0,0
162.0,1,0,0,0
162.03,1,0,0,0
162.07,1,0,0,0
162.1,1,0,0,0
162.13,1,0,0,0
162.17,1,0,0,0
162.2,1,0,0,0
162.23,1,0,0,0
162.27,1,0,0,0
162.3,1,0,0,0
162.33,1,0,0,0
162.37,1,0,0,0
162.4,1,0,0,0
162.43,1,0,0,0
162.47,1,0,0,0
162.5,1,0,0,0
162.53,1,0,0,0
162.57,1,0,0,0
162.6,1,0,0,0
162.63,1,0,0,0
162.67,1,0,0,0
